date,fixed_30,fixed_15
1971-04-02T00:00:00Z,7.33,NA
1971-04-09T00:00:00Z,7.31,NA
1971-04-16T00:00:00Z,7.31,NA
1971-04-23T00:00:00Z,7.31,NA
1971-04-30T00:00:00Z,7.29,NA
1971-05-07T00:00:00Z,7.38,NA
1971-05-14T00:00:00Z,7.42,NA
1971-05-21T00:00:00Z,7.44,NA
1971-05-28T00:00:00Z,7.46,NA
1971-06-04T00:00:00Z,7.52,NA
1971-06-11T00:00:00Z,7.52,NA
1971-06-18T00:00:00Z,7.54,NA
1971-06-25T00:00:00Z,7.54,NA
1971-07-02T00:00:00Z,7.54,NA
1971-07-09T00:00:00Z,7.54,NA
1971-07-16T00:00:00Z,7.6,NA
1971-07-23T00:00:00Z,7.65,NA
1971-07-30T00:00:00Z,7.69,NA
1971-08-06T00:00:00Z,7.66,NA
1971-08-13T00:00:00Z,7.73,NA
1971-08-20T00:00:00Z,7.71,NA
1971-08-27T00:00:00Z,7.69,NA
1971-09-03T00:00:00Z,7.71,NA
1971-09-10T00:00:00Z,7.67,NA
1971-09-17T00:00:00Z,7.7,NA
1971-09-24T00:00:00Z,7.67,NA
1971-10-01T00:00:00Z,7.67,NA
1971-10-08T00:00:00Z,7.63,NA
1971-10-15T00:00:00Z,7.63,NA
1971-10-22T00:00:00Z,7.58,NA
1971-10-29T00:00:00Z,7.63,NA
1971-11-05T00:00:00Z,7.59,NA
1971-11-12T00:00:00Z,7.56,NA
1971-11-19T00:00:00Z,7.54,NA
1971-11-26T00:00:00Z,7.51,NA
1971-12-03T00:00:00Z,7.49,NA
1971-12-10T00:00:00Z,7.47,NA
1971-12-17T00:00:00Z,7.48,NA
1971-12-24T00:00:00Z,7.48,NA
1971-12-31T00:00:00Z,7.48,NA
1972-01-07T00:00:00Z,7.46,NA
1972-01-14T00:00:00Z,7.46,NA
1972-01-21T00:00:00Z,7.43,NA
1972-01-28T00:00:00Z,7.4,NA
1972-02-04T00:00:00Z,7.35,NA
1972-02-11T00:00:00Z,7.33,NA
1972-02-18T00:00:00Z,7.31,NA
1972-02-25T00:00:00Z,7.31,NA
1972-03-03T00:00:00Z,7.32,NA
1972-03-10T00:00:00Z,7.32,NA
1972-03-17T00:00:00Z,7.31,NA
1972-03-24T00:00:00Z,7.31,NA
1972-03-31T00:00:00Z,7.23,NA
1972-04-07T00:00:00Z,7.25,NA
1972-04-14T00:00:00Z,7.29,NA
1972-04-21T00:00:00Z,7.29,NA
1972-04-28T00:00:00Z,7.33,NA
1972-05-05T00:00:00Z,7.33,NA
1972-05-12T00:00:00Z,7.38,NA
1972-05-19T00:00:00Z,7.38,NA
1972-05-26T00:00:00Z,7.4,NA
1972-06-02T00:00:00Z,7.36,NA
1972-06-09T00:00:00Z,7.38,NA
1972-06-16T00:00:00Z,7.38,NA
1972-06-23T00:00:00Z,7.36,NA
1972-06-30T00:00:00Z,7.38,NA
1972-07-07T00:00:00Z,7.38,NA
1972-07-14T00:00:00Z,7.4,NA
1972-07-21T00:00:00Z,7.4,NA
1972-07-28T00:00:00Z,7.4,NA
1972-08-04T00:00:00Z,7.35,NA
1972-08-11T00:00:00Z,7.41,NA
1972-08-18T00:00:00Z,7.42,NA
1972-08-25T00:00:00Z,7.42,NA
1972-09-01T00:00:00Z,7.42,NA
1972-09-08T00:00:00Z,7.42,NA
1972-09-15T00:00:00Z,7.42,NA
1972-09-22T00:00:00Z,7.41,NA
1972-09-29T00:00:00Z,7.43,NA
1972-10-06T00:00:00Z,7.41,NA
1972-10-13T00:00:00Z,7.41,NA
1972-10-20T00:00:00Z,7.44,NA
1972-10-27T00:00:00Z,7.42,NA
1972-11-03T00:00:00Z,7.43,NA
1972-11-10T00:00:00Z,7.42,NA
1972-11-17T00:00:00Z,7.42,NA
1972-11-24T00:00:00Z,7.44,NA
1972-12-01T00:00:00Z,7.45,NA
1972-12-08T00:00:00Z,7.43,NA
1972-12-15T00:00:00Z,7.43,NA
1972-12-22T00:00:00Z,7.45,NA
1972-12-29T00:00:00Z,7.45,NA
1973-01-05T00:00:00Z,7.44,NA
1973-01-12T00:00:00Z,7.44,NA
1973-01-19T00:00:00Z,7.44,NA
1973-01-26T00:00:00Z,7.43,NA
1973-02-02T00:00:00Z,7.43,NA
1973-02-09T00:00:00Z,7.43,NA
1973-02-16T00:00:00Z,7.45,NA
1973-02-23T00:00:00Z,7.45,NA
1973-03-02T00:00:00Z,7.45,NA
1973-03-09T00:00:00Z,7.45,NA
1973-03-16T00:00:00Z,7.45,NA
1973-03-23T00:00:00Z,7.45,NA
1973-03-30T00:00:00Z,7.49,NA
1973-04-06T00:00:00Z,7.51,NA
1973-04-13T00:00:00Z,7.54,NA
1973-04-20T00:00:00Z,7.56,NA
1973-04-27T00:00:00Z,7.56,NA
1973-05-04T00:00:00Z,7.58,NA
1973-05-11T00:00:00Z,7.64,NA
1973-05-18T00:00:00Z,7.69,NA
1973-05-24T00:00:00Z,7.7,NA
1973-06-01T00:00:00Z,7.7,NA
1973-06-08T00:00:00Z,7.73,NA
1973-06-15T00:00:00Z,7.73,NA
1973-06-22T00:00:00Z,7.75,NA
1973-06-29T00:00:00Z,7.76,NA
1973-07-06T00:00:00Z,7.89,NA
1973-07-13T00:00:00Z,8.01,NA
1973-07-20T00:00:00Z,8.12,NA
1973-07-27T00:00:00Z,8.18,NA
1973-08-03T00:00:00Z,8.26,NA
1973-08-10T00:00:00Z,8.4,NA
1973-08-17T00:00:00Z,8.55,NA
1973-08-24T00:00:00Z,8.61,NA
1973-08-31T00:00:00Z,8.66,NA
1973-09-07T00:00:00Z,8.77,NA
1973-09-14T00:00:00Z,8.81,NA
1973-09-21T00:00:00Z,8.83,NA
1973-09-28T00:00:00Z,8.85,NA
1973-10-05T00:00:00Z,8.82,NA
1973-10-12T00:00:00Z,8.83,NA
1973-10-19T00:00:00Z,8.75,NA
1973-10-26T00:00:00Z,8.68,NA
1973-11-02T00:00:00Z,8.62,NA
1973-11-09T00:00:00Z,8.59,NA
1973-11-16T00:00:00Z,8.58,NA
1973-11-23T00:00:00Z,8.57,NA
1973-11-30T00:00:00Z,8.55,NA
1973-12-07T00:00:00Z,8.53,NA
1973-12-14T00:00:00Z,8.53,NA
1973-12-21T00:00:00Z,8.53,NA
1973-12-28T00:00:00Z,8.56,NA
1974-01-04T00:00:00Z,8.56,NA
1974-01-11T00:00:00Z,8.53,NA
1974-01-18T00:00:00Z,8.55,NA
1974-01-25T00:00:00Z,8.52,NA
1974-02-01T00:00:00Z,8.48,NA
1974-02-08T00:00:00Z,8.46,NA
1974-02-15T00:00:00Z,8.46,NA
1974-02-22T00:00:00Z,8.42,NA
1974-03-01T00:00:00Z,8.41,NA
1974-03-08T00:00:00Z,8.41,NA
1974-03-15T00:00:00Z,8.4,NA
1974-03-22T00:00:00Z,8.4,NA
1974-03-29T00:00:00Z,8.41,NA
1974-04-05T00:00:00Z,8.44,NA
1974-04-12T00:00:00Z,8.53,NA
1974-04-19T00:00:00Z,8.63,NA
1974-04-26T00:00:00Z,8.73,NA
1974-05-03T00:00:00Z,8.87,NA
1974-05-10T00:00:00Z,8.98,NA
1974-05-17T00:00:00Z,8.97,NA
1974-05-24T00:00:00Z,9.01,NA
1974-05-31T00:00:00Z,9.03,NA
1974-06-07T00:00:00Z,9.06,NA
1974-06-14T00:00:00Z,9.11,NA
1974-06-21T00:00:00Z,9.07,NA
1974-06-28T00:00:00Z,9.1,NA
1974-07-05T00:00:00Z,9.14,NA
1974-07-12T00:00:00Z,9.19,NA
1974-07-19T00:00:00Z,9.37,NA
1974-07-26T00:00:00Z,9.42,NA
1974-08-02T00:00:00Z,9.47,NA
1974-08-09T00:00:00Z,9.5,NA
1974-08-16T00:00:00Z,9.6,NA
1974-08-23T00:00:00Z,9.62,NA
1974-08-30T00:00:00Z,9.74,NA
1974-09-06T00:00:00Z,9.88,NA
1974-09-13T00:00:00Z,9.92,NA
1974-09-20T00:00:00Z,10,NA
1974-09-27T00:00:00Z,10.03,NA
1974-10-04T00:00:00Z,10.02,NA
1974-10-11T00:00:00Z,9.96,NA
1974-10-18T00:00:00Z,9.99,NA
1974-10-25T00:00:00Z,9.94,NA
1974-11-01T00:00:00Z,9.87,NA
1974-11-08T00:00:00Z,9.81,NA
1974-11-15T00:00:00Z,9.81,NA
1974-11-22T00:00:00Z,9.73,NA
1974-11-29T00:00:00Z,9.72,NA
1974-12-06T00:00:00Z,9.69,NA
1974-12-13T00:00:00Z,9.63,NA
1974-12-20T00:00:00Z,9.58,NA
1974-12-27T00:00:00Z,9.56,NA
1975-01-03T00:00:00Z,9.6,NA
1975-01-10T00:00:00Z,9.49,NA
1975-01-17T00:00:00Z,9.43,NA
1975-01-24T00:00:00Z,9.35,NA
1975-01-31T00:00:00Z,9.29,NA
1975-02-07T00:00:00Z,9.2,NA
1975-02-14T00:00:00Z,9.13,NA
1975-02-21T00:00:00Z,9.07,NA
1975-02-28T00:00:00Z,9.02,NA
1975-03-07T00:00:00Z,9,NA
1975-03-14T00:00:00Z,8.89,NA
1975-03-21T00:00:00Z,8.86,NA
1975-03-28T00:00:00Z,8.86,NA
1975-04-04T00:00:00Z,8.83,NA
1975-04-11T00:00:00Z,8.81,NA
1975-04-18T00:00:00Z,8.8,NA
1975-04-25T00:00:00Z,8.84,NA
1975-05-02T00:00:00Z,8.92,NA
1975-05-09T00:00:00Z,8.88,NA
1975-05-16T00:00:00Z,8.92,NA
1975-05-23T00:00:00Z,8.92,NA
1975-05-30T00:00:00Z,8.89,NA
1975-06-06T00:00:00Z,8.89,NA
1975-06-13T00:00:00Z,8.9,NA
1975-06-20T00:00:00Z,8.88,NA
1975-06-27T00:00:00Z,8.9,NA
1975-07-03T00:00:00Z,8.88,NA
1975-07-11T00:00:00Z,8.9,NA
1975-07-18T00:00:00Z,8.89,NA
1975-07-25T00:00:00Z,8.89,NA
1975-08-01T00:00:00Z,8.89,NA
1975-08-08T00:00:00Z,8.89,NA
1975-08-15T00:00:00Z,8.93,NA
1975-08-22T00:00:00Z,8.98,NA
1975-08-29T00:00:00Z,9.02,NA
1975-09-05T00:00:00Z,9.08,NA
1975-09-12T00:00:00Z,9.16,NA
1975-09-19T00:00:00Z,9.14,NA
1975-09-26T00:00:00Z,9.14,NA
1975-10-03T00:00:00Z,9.2,NA
1975-10-10T00:00:00Z,9.21,NA
1975-10-17T00:00:00Z,9.21,NA
1975-10-24T00:00:00Z,9.26,NA
1975-10-31T00:00:00Z,9.24,NA
1975-11-07T00:00:00Z,9.19,NA
1975-11-14T00:00:00Z,9.16,NA
1975-11-21T00:00:00Z,9.12,NA
1975-11-28T00:00:00Z,9.11,NA
1975-12-05T00:00:00Z,9.11,NA
1975-12-12T00:00:00Z,9.11,NA
1975-12-19T00:00:00Z,9.08,NA
1975-12-26T00:00:00Z,9.09,NA
1976-01-02T00:00:00Z,9.1,NA
1976-01-09T00:00:00Z,9.07,NA
1976-01-16T00:00:00Z,9.01,NA
1976-01-23T00:00:00Z,9,NA
1976-01-30T00:00:00Z,8.9,NA
1976-02-06T00:00:00Z,8.86,NA
1976-02-13T00:00:00Z,8.83,NA
1976-02-20T00:00:00Z,8.81,NA
1976-02-27T00:00:00Z,8.75,NA
1976-03-05T00:00:00Z,8.77,NA
1976-03-12T00:00:00Z,8.75,NA
1976-03-19T00:00:00Z,8.75,NA
1976-03-26T00:00:00Z,8.75,NA
1976-04-02T00:00:00Z,8.7,NA
1976-04-09T00:00:00Z,8.7,NA
1976-04-16T00:00:00Z,8.75,NA
1976-04-23T00:00:00Z,8.75,NA
1976-04-30T00:00:00Z,8.75,NA
1976-05-07T00:00:00Z,8.75,NA
1976-05-14T00:00:00Z,8.75,NA
1976-05-21T00:00:00Z,8.78,NA
1976-05-28T00:00:00Z,8.78,NA
1976-06-04T00:00:00Z,8.78,NA
1976-06-11T00:00:00Z,8.83,NA
1976-06-18T00:00:00Z,8.88,NA
1976-06-25T00:00:00Z,8.9,NA
1976-07-02T00:00:00Z,8.93,NA
1976-07-09T00:00:00Z,8.93,NA
1976-07-16T00:00:00Z,8.93,NA
1976-07-23T00:00:00Z,8.9,NA
1976-07-30T00:00:00Z,8.98,NA
1976-08-06T00:00:00Z,9,NA
1976-08-13T00:00:00Z,9,NA
1976-08-20T00:00:00Z,9,NA
1976-08-27T00:00:00Z,9,NA
1976-09-03T00:00:00Z,9,NA
1976-09-10T00:00:00Z,8.97,NA
1976-09-17T00:00:00Z,8.97,NA
1976-09-24T00:00:00Z,8.97,NA
1976-10-01T00:00:00Z,8.9,NA
1976-10-08T00:00:00Z,8.95,NA
1976-10-15T00:00:00Z,8.95,NA
1976-10-22T00:00:00Z,8.95,NA
1976-10-29T00:00:00Z,8.9,NA
1976-11-05T00:00:00Z,8.85,NA
1976-11-12T00:00:00Z,8.8,NA
1976-11-19T00:00:00Z,8.8,NA
1976-11-26T00:00:00Z,8.8,NA
1976-12-03T00:00:00Z,8.8,NA
1976-12-10T00:00:00Z,8.8,NA
1976-12-17T00:00:00Z,8.8,NA
1976-12-24T00:00:00Z,8.78,NA
1976-12-31T00:00:00Z,8.78,NA
1977-01-07T00:00:00Z,8.7,NA
1977-01-14T00:00:00Z,8.73,NA
1977-01-21T00:00:00Z,8.73,NA
1977-01-28T00:00:00Z,8.73,NA
1977-02-04T00:00:00Z,8.68,NA
1977-02-11T00:00:00Z,8.7,NA
1977-02-18T00:00:00Z,8.65,NA
1977-02-25T00:00:00Z,8.65,NA
1977-03-04T00:00:00Z,8.65,NA
1977-03-11T00:00:00Z,8.7,NA
1977-03-18T00:00:00Z,8.7,NA
1977-03-25T00:00:00Z,8.7,NA
1977-04-01T00:00:00Z,8.7,NA
1977-04-08T00:00:00Z,8.75,NA
1977-04-15T00:00:00Z,8.75,NA
1977-04-22T00:00:00Z,8.78,NA
1977-04-29T00:00:00Z,8.78,NA
1977-05-06T00:00:00Z,8.78,NA
1977-05-13T00:00:00Z,8.83,NA
1977-05-20T00:00:00Z,8.85,NA
1977-05-27T00:00:00Z,8.85,NA
1977-06-03T00:00:00Z,8.85,NA
1977-06-10T00:00:00Z,8.85,NA
1977-06-17T00:00:00Z,8.85,NA
1977-06-24T00:00:00Z,8.88,NA
1977-07-01T00:00:00Z,8.95,NA
1977-07-08T00:00:00Z,8.93,NA
1977-07-15T00:00:00Z,8.95,NA
1977-07-22T00:00:00Z,8.95,NA
1977-07-29T00:00:00Z,8.93,NA
1977-08-05T00:00:00Z,8.95,NA
1977-08-12T00:00:00Z,8.95,NA
1977-08-19T00:00:00Z,8.93,NA
1977-08-26T00:00:00Z,8.93,NA
1977-09-02T00:00:00Z,8.88,NA
1977-09-09T00:00:00Z,8.9,NA
1977-09-16T00:00:00Z,8.9,NA
1977-09-23T00:00:00Z,8.9,NA
1977-09-30T00:00:00Z,8.9,NA
1977-10-07T00:00:00Z,8.93,NA
1977-10-14T00:00:00Z,8.93,NA
1977-10-21T00:00:00Z,8.93,NA
1977-10-28T00:00:00Z,8.9,NA
1977-11-04T00:00:00Z,8.9,NA
1977-11-11T00:00:00Z,8.93,NA
1977-11-18T00:00:00Z,8.93,NA
1977-11-25T00:00:00Z,8.93,NA
1977-12-02T00:00:00Z,8.95,NA
1977-12-09T00:00:00Z,8.95,NA
1977-12-16T00:00:00Z,8.95,NA
1977-12-23T00:00:00Z,8.95,NA
1977-12-30T00:00:00Z,9,NA
1978-01-06T00:00:00Z,9,NA
1978-01-13T00:00:00Z,9.03,NA
1978-01-20T00:00:00Z,8.98,NA
1978-01-27T00:00:00Z,9.05,NA
1978-02-03T00:00:00Z,9.13,NA
1978-02-10T00:00:00Z,9.15,NA
1978-02-17T00:00:00Z,9.15,NA
1978-02-24T00:00:00Z,9.15,NA
1978-03-03T00:00:00Z,9.15,NA
1978-03-10T00:00:00Z,9.15,NA
1978-03-17T00:00:00Z,9.23,NA
1978-03-24T00:00:00Z,9.23,NA
1978-03-31T00:00:00Z,9.25,NA
1978-04-07T00:00:00Z,9.28,NA
1978-04-14T00:00:00Z,9.33,NA
1978-04-21T00:00:00Z,9.38,NA
1978-04-28T00:00:00Z,9.43,NA
1978-05-05T00:00:00Z,9.48,NA
1978-05-12T00:00:00Z,9.55,NA
1978-05-19T00:00:00Z,9.58,NA
1978-05-26T00:00:00Z,9.68,NA
1978-06-02T00:00:00Z,9.68,NA
1978-06-09T00:00:00Z,9.7,NA
1978-06-16T00:00:00Z,9.73,NA
1978-06-23T00:00:00Z,9.7,NA
1978-06-30T00:00:00Z,9.73,NA
1978-07-07T00:00:00Z,9.73,NA
1978-07-14T00:00:00Z,9.73,NA
1978-07-21T00:00:00Z,9.75,NA
1978-07-28T00:00:00Z,9.75,NA
1978-08-04T00:00:00Z,9.78,NA
1978-08-11T00:00:00Z,9.78,NA
1978-08-18T00:00:00Z,9.78,NA
1978-08-25T00:00:00Z,9.8,NA
1978-09-01T00:00:00Z,9.75,NA
1978-09-08T00:00:00Z,9.75,NA
1978-09-15T00:00:00Z,9.75,NA
1978-09-22T00:00:00Z,9.75,NA
1978-09-29T00:00:00Z,9.78,NA
1978-10-06T00:00:00Z,9.85,NA
1978-10-13T00:00:00Z,9.85,NA
1978-10-20T00:00:00Z,9.85,NA
1978-10-27T00:00:00Z,9.88,NA
1978-11-03T00:00:00Z,9.9,NA
1978-11-10T00:00:00Z,10.05,NA
1978-11-17T00:00:00Z,10.2,NA
1978-11-24T00:00:00Z,10.28,NA
1978-12-01T00:00:00Z,10.3,NA
1978-12-08T00:00:00Z,10.35,NA
1978-12-15T00:00:00Z,10.35,NA
1978-12-22T00:00:00Z,10.35,NA
1978-12-29T00:00:00Z,10.38,NA
1979-01-05T00:00:00Z,10.38,NA
1979-01-12T00:00:00Z,10.38,NA
1979-01-19T00:00:00Z,10.4,NA
1979-01-26T00:00:00Z,10.4,NA
1979-02-02T00:00:00Z,10.4,NA
1979-02-09T00:00:00Z,10.43,NA
1979-02-16T00:00:00Z,10.4,NA
1979-02-23T00:00:00Z,10.4,NA
1979-03-02T00:00:00Z,10.43,NA
1979-03-09T00:00:00Z,10.4,NA
1979-03-16T00:00:00Z,10.4,NA
1979-03-23T00:00:00Z,10.45,NA
1979-03-30T00:00:00Z,10.45,NA
1979-04-06T00:00:00Z,10.48,NA
1979-04-13T00:00:00Z,10.48,NA
1979-04-20T00:00:00Z,10.5,NA
1979-04-27T00:00:00Z,10.53,NA
1979-05-04T00:00:00Z,10.6,NA
1979-05-11T00:00:00Z,10.68,NA
1979-05-18T00:00:00Z,10.73,NA
1979-05-25T00:00:00Z,10.75,NA
1979-06-01T00:00:00Z,10.9,NA
1979-06-08T00:00:00Z,11.03,NA
1979-06-15T00:00:00Z,11.05,NA
1979-06-22T00:00:00Z,11.1,NA
1979-06-29T00:00:00Z,11.1,NA
1979-07-06T00:00:00Z,11.13,NA
1979-07-13T00:00:00Z,11.08,NA
1979-07-20T00:00:00Z,11.08,NA
1979-07-27T00:00:00Z,11.08,NA
1979-08-03T00:00:00Z,11.08,NA
1979-08-10T00:00:00Z,11.08,NA
1979-08-17T00:00:00Z,11.08,NA
1979-08-24T00:00:00Z,11.1,NA
1979-08-31T00:00:00Z,11.13,NA
1979-09-07T00:00:00Z,11.2,NA
1979-09-14T00:00:00Z,11.3,NA
1979-09-21T00:00:00Z,11.35,NA
1979-09-28T00:00:00Z,11.35,NA
1979-10-05T00:00:00Z,11.35,NA
1979-10-12T00:00:00Z,11.45,NA
1979-10-19T00:00:00Z,11.75,NA
1979-10-26T00:00:00Z,12,NA
1979-11-02T00:00:00Z,12.8,NA
1979-11-09T00:00:00Z,12.85,NA
1979-11-16T00:00:00Z,12.8,NA
1979-11-23T00:00:00Z,12.8,NA
1979-11-30T00:00:00Z,12.9,NA
1979-12-07T00:00:00Z,12.9,NA
1979-12-14T00:00:00Z,12.9,NA
1979-12-21T00:00:00Z,12.9,NA
1979-12-28T00:00:00Z,12.9,NA
1980-01-04T00:00:00Z,12.85,NA
1980-01-11T00:00:00Z,12.9,NA
1980-01-18T00:00:00Z,12.87,NA
1980-01-25T00:00:00Z,12.89,NA
1980-02-01T00:00:00Z,12.85,NA
1980-02-08T00:00:00Z,12.85,NA
1980-02-15T00:00:00Z,12.875,NA
1980-02-22T00:00:00Z,13.025,NA
1980-02-29T00:00:00Z,13.59,NA
1980-03-07T00:00:00Z,14,NA
1980-03-14T00:00:00Z,15.4,NA
1980-03-21T00:00:00Z,15.7,NA
1980-03-28T00:00:00Z,16.025,NA
1980-04-04T00:00:00Z,16.35,NA
1980-04-11T00:00:00Z,16.35,NA
1980-04-18T00:00:00Z,16.35,NA
1980-04-25T00:00:00Z,16.25,NA
1980-05-02T00:00:00Z,15.9,NA
1980-05-09T00:00:00Z,14.675,NA
1980-05-16T00:00:00Z,14.15,NA
1980-05-23T00:00:00Z,13.375,NA
1980-05-30T00:00:00Z,13.2,NA
1980-06-06T00:00:00Z,13.06,NA
1980-06-13T00:00:00Z,12.85,NA
1980-06-20T00:00:00Z,12.575,NA
1980-06-27T00:00:00Z,12.35,NA
1980-07-04T00:00:00Z,12.175,NA
1980-07-11T00:00:00Z,12.225,NA
1980-07-18T00:00:00Z,12.175,NA
1980-07-25T00:00:00Z,12.175,NA
1980-08-01T00:00:00Z,12.25,NA
1980-08-08T00:00:00Z,12.25,NA
1980-08-15T00:00:00Z,12.55,NA
1980-08-22T00:00:00Z,12.8,NA
1980-08-29T00:00:00Z,12.95,NA
1980-09-05T00:00:00Z,13.025,NA
1980-09-12T00:00:00Z,13.075,NA
1980-09-19T00:00:00Z,13.25,NA
1980-09-26T00:00:00Z,13.425,NA
1980-10-03T00:00:00Z,13.6,NA
1980-10-10T00:00:00Z,13.725,NA
1980-10-17T00:00:00Z,13.775,NA
1980-10-24T00:00:00Z,13.85,NA
1980-10-31T00:00:00Z,14,NA
1980-11-07T00:00:00Z,14.075,NA
1980-11-14T00:00:00Z,14.175,NA
1980-11-21T00:00:00Z,14.275,NA
1980-11-28T00:00:00Z,14.275,NA
1980-12-05T00:00:00Z,14.425,NA
1980-12-12T00:00:00Z,14.825,NA
1980-12-19T00:00:00Z,14.95,NA
1980-12-26T00:00:00Z,14.95,NA
1981-01-02T00:00:00Z,14.95,NA
1981-01-09T00:00:00Z,14.8,NA
1981-01-16T00:00:00Z,14.85,NA
1981-01-23T00:00:00Z,14.85,NA
1981-01-30T00:00:00Z,15.07,NA
1981-02-06T00:00:00Z,15,NA
1981-02-13T00:00:00Z,15.03,NA
1981-02-20T00:00:00Z,15.2,NA
1981-02-27T00:00:00Z,15.3,NA
1981-03-06T00:00:00Z,15.4,NA
1981-03-13T00:00:00Z,15.4,NA
1981-03-20T00:00:00Z,15.4,NA
1981-03-27T00:00:00Z,15.4,NA
1981-04-03T00:00:00Z,15.4,NA
1981-04-10T00:00:00Z,15.5,NA
1981-04-17T00:00:00Z,15.65,NA
1981-04-24T00:00:00Z,15.77,NA
1981-05-01T00:00:00Z,15.82,NA
1981-05-08T00:00:00Z,16.12,NA
1981-05-15T00:00:00Z,16.64,NA
1981-05-22T00:00:00Z,16.63,NA
1981-05-29T00:00:00Z,16.8,NA
1981-06-05T00:00:00Z,16.76,NA
1981-06-12T00:00:00Z,16.69,NA
1981-06-19T00:00:00Z,16.71,NA
1981-06-26T00:00:00Z,16.62,NA
1981-07-03T00:00:00Z,16.64,NA
1981-07-10T00:00:00Z,16.79,NA
1981-07-17T00:00:00Z,16.74,NA
1981-07-24T00:00:00Z,16.88,NA
1981-07-31T00:00:00Z,17.11,NA
1981-08-07T00:00:00Z,17.13,NA
1981-08-14T00:00:00Z,17.27,NA
1981-08-21T00:00:00Z,17.26,NA
1981-08-28T00:00:00Z,17.48,NA
1981-09-04T00:00:00Z,17.79,NA
1981-09-11T00:00:00Z,18.22,NA
1981-09-18T00:00:00Z,18.27,NA
1981-09-25T00:00:00Z,18.36,NA
1981-10-02T00:00:00Z,18.28,NA
1981-10-09T00:00:00Z,18.63,NA
1981-10-16T00:00:00Z,18.53,NA
1981-10-21T00:00:00Z,18.39,NA
1981-10-30T00:00:00Z,18.44,NA
1981-11-06T00:00:00Z,18.37,NA
1981-11-13T00:00:00Z,18.02,NA
1981-11-20T00:00:00Z,17.7,NA
1981-11-27T00:00:00Z,17.21,NA
1981-12-04T00:00:00Z,16.9,NA
1981-12-11T00:00:00Z,16.94,NA
1981-12-18T00:00:00Z,16.9,NA
1981-12-25T00:00:00Z,16.95,NA
1981-12-31T00:00:00Z,17.04,NA
1982-01-08T00:00:00Z,17.3,NA
1982-01-15T00:00:00Z,17.44,NA
1982-01-22T00:00:00Z,17.61,NA
1982-01-29T00:00:00Z,17.59,NA
1982-02-05T00:00:00Z,17.56,NA
1982-02-12T00:00:00Z,17.65,NA
1982-02-19T00:00:00Z,17.66,NA
1982-02-26T00:00:00Z,17.52,NA
1982-03-05T00:00:00Z,17.29,NA
1982-03-12T00:00:00Z,17.19,NA
1982-03-19T00:00:00Z,17.12,NA
1982-03-26T00:00:00Z,17.04,NA
1982-04-02T00:00:00Z,16.95,NA
1982-04-09T00:00:00Z,16.91,NA
1982-04-16T00:00:00Z,16.93,NA
1982-04-23T00:00:00Z,16.86,NA
1982-04-30T00:00:00Z,16.81,NA
1982-05-07T00:00:00Z,16.78,NA
1982-05-14T00:00:00Z,16.63,NA
1982-05-21T00:00:00Z,16.67,NA
1982-05-28T00:00:00Z,16.63,NA
1982-06-04T00:00:00Z,16.65,NA
1982-06-11T00:00:00Z,16.7,NA
1982-06-18T00:00:00Z,16.71,NA
1982-06-25T00:00:00Z,16.73,NA
1982-07-02T00:00:00Z,16.87,NA
1982-07-09T00:00:00Z,16.93,NA
1982-07-16T00:00:00Z,16.88,NA
1982-07-23T00:00:00Z,16.75,NA
1982-07-30T00:00:00Z,16.65,NA
1982-08-06T00:00:00Z,16.55,NA
1982-08-13T00:00:00Z,16.44,NA
1982-08-20T00:00:00Z,16.21,NA
1982-08-27T00:00:00Z,15.88,NA
1982-09-03T00:00:00Z,15.59,NA
1982-09-10T00:00:00Z,15.56,NA
1982-09-17T00:00:00Z,15.38,NA
1982-09-24T00:00:00Z,15.19,NA
1982-10-01T00:00:00Z,15.13,NA
1982-10-08T00:00:00Z,14.96,NA
1982-10-15T00:00:00Z,14.6,NA
1982-10-22T00:00:00Z,14.2,NA
1982-10-29T00:00:00Z,14.15,NA
1982-11-05T00:00:00Z,13.91,NA
1982-11-12T00:00:00Z,13.84,NA
1982-11-19T00:00:00Z,13.78,NA
1982-11-26T00:00:00Z,13.77,NA
1982-12-03T00:00:00Z,13.66,NA
1982-12-10T00:00:00Z,13.66,NA
1982-12-17T00:00:00Z,13.63,NA
1982-12-24T00:00:00Z,13.6,NA
1982-12-31T00:00:00Z,13.57,NA
1983-01-07T00:00:00Z,13.46,NA
1983-01-14T00:00:00Z,13.31,NA
1983-01-21T00:00:00Z,13.12,NA
1983-01-28T00:00:00Z,13.1,NA
1983-02-04T00:00:00Z,13.06,NA
1983-02-11T00:00:00Z,13.06,NA
1983-02-18T00:00:00Z,13.07,NA
1983-02-25T00:00:00Z,12.98,NA
1983-03-04T00:00:00Z,12.74,NA
1983-03-11T00:00:00Z,12.79,NA
1983-03-18T00:00:00Z,12.81,NA
1983-03-25T00:00:00Z,12.86,NA
1983-04-01T00:00:00Z,12.82,NA
1983-04-08T00:00:00Z,12.82,NA
1983-04-15T00:00:00Z,12.79,NA
1983-04-22T00:00:00Z,12.75,NA
1983-04-29T00:00:00Z,12.73,NA
1983-05-06T00:00:00Z,12.71,NA
1983-05-13T00:00:00Z,12.59,NA
1983-05-20T00:00:00Z,12.55,NA
1983-05-27T00:00:00Z,12.68,NA
1983-06-03T00:00:00Z,12.74,NA
1983-06-10T00:00:00Z,12.82,NA
1983-06-17T00:00:00Z,12.96,NA
1983-06-24T00:00:00Z,12.96,NA
1983-07-01T00:00:00Z,13.08,NA
1983-07-08T00:00:00Z,13.3,NA
1983-07-15T00:00:00Z,13.5,NA
1983-07-22T00:00:00Z,13.58,NA
1983-07-29T00:00:00Z,13.65,NA
1983-08-05T00:00:00Z,13.73,NA
1983-08-12T00:00:00Z,13.84,NA
1983-08-19T00:00:00Z,13.89,NA
1983-08-26T00:00:00Z,13.78,NA
1983-09-02T00:00:00Z,13.77,NA
1983-09-09T00:00:00Z,13.77,NA
1983-09-16T00:00:00Z,13.72,NA
1983-09-23T00:00:00Z,13.72,NA
1983-09-30T00:00:00Z,13.65,NA
1983-10-07T00:00:00Z,13.59,NA
1983-10-14T00:00:00Z,13.6,NA
1983-10-21T00:00:00Z,13.52,NA
1983-10-28T00:00:00Z,13.43,NA
1983-11-04T00:00:00Z,13.42,NA
1983-11-11T00:00:00Z,13.47,NA
1983-11-18T00:00:00Z,13.42,NA
1983-11-25T00:00:00Z,13.43,NA
1983-12-02T00:00:00Z,13.41,NA
1983-12-09T00:00:00Z,13.38,NA
1983-12-16T00:00:00Z,13.42,NA
1983-12-23T00:00:00Z,13.46,NA
1983-12-30T00:00:00Z,13.43,NA
1984-01-06T00:00:00Z,13.43,NA
1984-01-13T00:00:00Z,13.4,NA
1984-01-20T00:00:00Z,13.35,NA
1984-01-27T00:00:00Z,13.29,NA
1984-02-03T00:00:00Z,13.26,NA
1984-02-10T00:00:00Z,13.23,NA
1984-02-17T00:00:00Z,13.19,NA
1984-02-24T00:00:00Z,13.25,NA
1984-03-02T00:00:00Z,13.23,NA
1984-03-09T00:00:00Z,13.3,NA
1984-03-16T00:00:00Z,13.37,NA
1984-03-23T00:00:00Z,13.48,NA
1984-03-30T00:00:00Z,13.55,NA
1984-04-06T00:00:00Z,13.63,NA
1984-04-13T00:00:00Z,13.58,NA
1984-04-20T00:00:00Z,13.67,NA
1984-04-27T00:00:00Z,13.73,NA
1984-05-04T00:00:00Z,13.78,NA
1984-05-11T00:00:00Z,13.87,NA
1984-05-18T00:00:00Z,14.04,NA
1984-05-25T00:00:00Z,14.08,NA
1984-06-01T00:00:00Z,14.29,NA
1984-06-08T00:00:00Z,14.33,NA
1984-06-15T00:00:00Z,14.47,NA
1984-06-22T00:00:00Z,14.49,NA
1984-06-29T00:00:00Z,14.5,NA
1984-07-06T00:00:00Z,14.66,NA
1984-07-13T00:00:00Z,14.68,NA
1984-07-20T00:00:00Z,14.66,NA
1984-07-27T00:00:00Z,14.67,NA
1984-08-03T00:00:00Z,14.68,NA
1984-08-10T00:00:00Z,14.54,NA
1984-08-17T00:00:00Z,14.39,NA
1984-08-24T00:00:00Z,14.36,NA
1984-08-31T00:00:00Z,14.38,NA
1984-09-07T00:00:00Z,14.42,NA
1984-09-14T00:00:00Z,14.43,NA
1984-09-21T00:00:00Z,14.29,NA
1984-09-28T00:00:00Z,14.26,NA
1984-10-05T00:00:00Z,14.18,NA
1984-10-12T00:00:00Z,14.19,NA
1984-10-19T00:00:00Z,14.1,NA
1984-10-26T00:00:00Z,14.05,NA
1984-11-02T00:00:00Z,13.85,NA
1984-11-09T00:00:00Z,13.74,NA
1984-11-16T00:00:00Z,13.63,NA
1984-11-23T00:00:00Z,13.55,NA
1984-11-30T00:00:00Z,13.42,NA
1984-12-07T00:00:00Z,13.2,NA
1984-12-14T00:00:00Z,13.2,NA
1984-12-21T00:00:00Z,13.18,NA
1984-12-28T00:00:00Z,13.14,NA
1985-01-04T00:00:00Z,13.1,NA
1985-01-11T00:00:00Z,13.12,NA
1985-01-18T00:00:00Z,13.12,NA
1985-01-25T00:00:00Z,12.96,NA
1985-02-01T00:00:00Z,12.93,NA
1985-02-08T00:00:00Z,12.91,NA
1985-02-15T00:00:00Z,12.9,NA
1985-02-22T00:00:00Z,12.94,NA
1985-03-01T00:00:00Z,13.02,NA
1985-03-08T00:00:00Z,13.1,NA
1985-03-15T00:00:00Z,13.2,NA
1985-03-22T00:00:00Z,13.24,NA
1985-03-29T00:00:00Z,13.29,NA
1985-04-05T00:00:00Z,13.27,NA
1985-04-12T00:00:00Z,13.23,NA
1985-04-19T00:00:00Z,13.16,NA
1985-04-26T00:00:00Z,13.12,NA
1985-05-03T00:00:00Z,13.07,NA
1985-05-10T00:00:00Z,13.02,NA
1985-05-17T00:00:00Z,12.94,NA
1985-05-24T00:00:00Z,12.83,NA
1985-05-31T00:00:00Z,12.71,NA
1985-06-07T00:00:00Z,12.39,NA
1985-06-14T00:00:00Z,12.27,NA
1985-06-21T00:00:00Z,12.05,NA
1985-06-28T00:00:00Z,12.15,NA
1985-07-05T00:00:00Z,12.13,NA
1985-07-12T00:00:00Z,12.03,NA
1985-07-19T00:00:00Z,11.94,NA
1985-07-26T00:00:00Z,12.03,NA
1985-08-02T00:00:00Z,12.17,NA
1985-08-09T00:00:00Z,12.23,NA
1985-08-16T00:00:00Z,12.24,NA
1985-08-23T00:00:00Z,12.18,NA
1985-08-30T00:00:00Z,12.11,NA
1985-09-06T00:00:00Z,12.15,NA
1985-09-13T00:00:00Z,12.24,NA
1985-09-20T00:00:00Z,12.21,NA
1985-09-27T00:00:00Z,12.17,NA
1985-10-04T00:00:00Z,12.17,NA
1985-10-11T00:00:00Z,12.17,NA
1985-10-18T00:00:00Z,12.13,NA
1985-10-25T00:00:00Z,12.07,NA
1985-11-01T00:00:00Z,12.01,NA
1985-11-08T00:00:00Z,11.9,NA
1985-11-15T00:00:00Z,11.79,NA
1985-11-22T00:00:00Z,11.64,NA
1985-11-29T00:00:00Z,11.58,NA
1985-12-06T00:00:00Z,11.5,NA
1985-12-13T00:00:00Z,11.31,NA
1985-12-20T00:00:00Z,11.14,NA
1985-12-27T00:00:00Z,11.09,NA
1986-01-03T00:00:00Z,10.81,NA
1986-01-10T00:00:00Z,10.77,NA
1986-01-17T00:00:00Z,10.99,NA
1986-01-24T00:00:00Z,10.97,NA
1986-01-31T00:00:00Z,10.89,NA
1986-02-07T00:00:00Z,10.85,NA
1986-02-14T00:00:00Z,10.8,NA
1986-02-21T00:00:00Z,10.68,NA
1986-02-28T00:00:00Z,10.51,NA
1986-03-07T00:00:00Z,10.2,NA
1986-03-14T00:00:00Z,10.01,NA
1986-03-21T00:00:00Z,10.01,NA
1986-03-28T00:00:00Z,10.1,NA
1986-04-04T00:00:00Z,9.99,NA
1986-04-11T00:00:00Z,9.98,NA
1986-04-18T00:00:00Z,9.92,NA
1986-04-25T00:00:00Z,9.86,NA
1986-05-02T00:00:00Z,9.9,NA
1986-05-09T00:00:00Z,10,NA
1986-05-16T00:00:00Z,10.08,NA
1986-05-23T00:00:00Z,10.36,NA
1986-05-30T00:00:00Z,10.38,NA
1986-06-06T00:00:00Z,10.74,NA
1986-06-13T00:00:00Z,10.76,NA
1986-06-20T00:00:00Z,10.61,NA
1986-06-27T00:00:00Z,10.62,NA
1986-07-04T00:00:00Z,10.61,NA
1986-07-11T00:00:00Z,10.59,NA
1986-07-18T00:00:00Z,10.43,NA
1986-07-25T00:00:00Z,10.4,NA
1986-08-01T00:00:00Z,10.4,NA
1986-08-08T00:00:00Z,10.4,NA
1986-08-15T00:00:00Z,10.23,NA
1986-08-22T00:00:00Z,10.04,NA
1986-08-29T00:00:00Z,9.93,NA
1986-09-05T00:00:00Z,9.9,NA
1986-09-12T00:00:00Z,9.96,NA
1986-09-19T00:00:00Z,10.07,NA
1986-09-26T00:00:00Z,10.1,NA
1986-10-03T00:00:00Z,10.08,NA
1986-10-10T00:00:00Z,9.99,NA
1986-10-17T00:00:00Z,9.96,NA
1986-10-24T00:00:00Z,9.95,NA
1986-10-31T00:00:00Z,9.89,NA
1986-11-07T00:00:00Z,9.83,NA
1986-11-14T00:00:00Z,9.81,NA
1986-11-21T00:00:00Z,9.64,NA
1986-11-28T00:00:00Z,9.5,NA
1986-12-05T00:00:00Z,9.3,NA
1986-12-12T00:00:00Z,9.35,NA
1986-12-19T00:00:00Z,9.3,NA
1986-12-26T00:00:00Z,9.29,NA
1987-01-02T00:00:00Z,9.37,NA
1987-01-09T00:00:00Z,9.32,NA
1987-01-16T00:00:00Z,9.21,NA
1987-01-23T00:00:00Z,9.04,NA
1987-01-30T00:00:00Z,9.08,NA
1987-02-06T00:00:00Z,9.06,NA
1987-02-13T00:00:00Z,9.09,NA
1987-02-20T00:00:00Z,9.11,NA
1987-02-27T00:00:00Z,9.07,NA
1987-03-06T00:00:00Z,9.03,NA
1987-03-13T00:00:00Z,9.05,NA
1987-03-20T00:00:00Z,9.03,NA
1987-03-27T00:00:00Z,9.03,NA
1987-04-03T00:00:00Z,9.26,NA
1987-04-10T00:00:00Z,9.43,NA
1987-04-17T00:00:00Z,10.27,NA
1987-04-24T00:00:00Z,10.37,NA
1987-05-01T00:00:00Z,10.47,NA
1987-05-08T00:00:00Z,10.52,NA
1987-05-15T00:00:00Z,10.48,NA
1987-05-22T00:00:00Z,10.81,NA
1987-05-29T00:00:00Z,10.7,NA
1987-06-05T00:00:00Z,10.7,NA
1987-06-12T00:00:00Z,10.66,NA
1987-06-19T00:00:00Z,10.44,NA
1987-06-26T00:00:00Z,10.35,NA
1987-07-03T00:00:00Z,10.36,NA
1987-07-10T00:00:00Z,10.3,NA
1987-07-17T00:00:00Z,10.23,NA
1987-07-24T00:00:00Z,10.23,NA
1987-07-31T00:00:00Z,10.27,NA
1987-08-07T00:00:00Z,10.35,NA
1987-08-14T00:00:00Z,10.34,NA
1987-08-21T00:00:00Z,10.3,NA
1987-08-28T00:00:00Z,10.33,NA
1987-09-04T00:00:00Z,10.63,NA
1987-09-11T00:00:00Z,10.91,NA
1987-09-18T00:00:00Z,10.99,NA
1987-09-25T00:00:00Z,11.02,NA
1987-10-02T00:00:00Z,11.18,NA
1987-10-09T00:00:00Z,11.21,NA
1987-10-16T00:00:00Z,11.58,NA
1987-10-23T00:00:00Z,11.36,NA
1987-10-30T00:00:00Z,10.97,NA
1987-11-06T00:00:00Z,10.79,NA
1987-11-13T00:00:00Z,10.66,NA
1987-11-20T00:00:00Z,10.6,NA
1987-11-27T00:00:00Z,10.55,NA
1987-12-04T00:00:00Z,10.6,NA
1987-12-11T00:00:00Z,10.66,NA
1987-12-18T00:00:00Z,10.69,NA
1987-12-25T00:00:00Z,10.64,NA
1987-12-31T00:00:00Z,10.61,NA
1988-01-08T00:00:00Z,10.5,NA
1988-01-15T00:00:00Z,10.53,NA
1988-01-22T00:00:00Z,10.34,NA
1988-01-29T00:00:00Z,10.16,NA
1988-02-05T00:00:00Z,9.94,NA
1988-02-12T00:00:00Z,9.84,NA
1988-02-19T00:00:00Z,9.92,NA
1988-02-26T00:00:00Z,9.87,NA
1988-03-04T00:00:00Z,9.85,NA
1988-03-11T00:00:00Z,9.96,NA
1988-03-18T00:00:00Z,9.92,NA
1988-03-25T00:00:00Z,9.99,NA
1988-04-01T00:00:00Z,10.05,NA
1988-04-08T00:00:00Z,10.19,NA
1988-04-15T00:00:00Z,10.19,NA
1988-04-22T00:00:00Z,10.3,NA
1988-04-29T00:00:00Z,10.28,NA
1988-05-06T00:00:00Z,10.32,NA
1988-05-13T00:00:00Z,10.4,NA
1988-05-20T00:00:00Z,10.52,NA
1988-05-27T00:00:00Z,10.58,NA
1988-06-03T00:00:00Z,10.58,NA
1988-06-10T00:00:00Z,10.51,NA
1988-06-17T00:00:00Z,10.35,NA
1988-06-24T00:00:00Z,10.4,NA
1988-07-01T00:00:00Z,10.39,NA
1988-07-08T00:00:00Z,10.38,NA
1988-07-15T00:00:00Z,10.44,NA
1988-07-22T00:00:00Z,10.46,NA
1988-07-29T00:00:00Z,10.49,NA
1988-08-05T00:00:00Z,10.44,NA
1988-08-12T00:00:00Z,10.57,NA
1988-08-19T00:00:00Z,10.71,NA
1988-08-26T00:00:00Z,10.67,NA
1988-09-02T00:00:00Z,10.65,NA
1988-09-09T00:00:00Z,10.53,NA
1988-09-16T00:00:00Z,10.4,NA
1988-09-23T00:00:00Z,10.4,NA
1988-09-30T00:00:00Z,10.42,NA
1988-10-07T00:00:00Z,10.38,NA
1988-10-14T00:00:00Z,10.33,NA
1988-10-21T00:00:00Z,10.28,NA
1988-10-28T00:00:00Z,10.22,NA
1988-11-04T00:00:00Z,10.12,NA
1988-11-11T00:00:00Z,10.24,NA
1988-11-18T00:00:00Z,10.31,NA
1988-11-25T00:00:00Z,10.39,NA
1988-12-02T00:00:00Z,10.44,NA
1988-12-09T00:00:00Z,10.46,NA
1988-12-16T00:00:00Z,10.71,NA
1988-12-23T00:00:00Z,10.68,NA
1988-12-30T00:00:00Z,10.77,NA
1989-01-06T00:00:00Z,10.8,NA
1989-01-13T00:00:00Z,10.81,NA
1989-01-20T00:00:00Z,10.71,NA
1989-01-27T00:00:00Z,10.6,NA
1989-02-03T00:00:00Z,10.55,NA
1989-02-10T00:00:00Z,10.56,NA
1989-02-17T00:00:00Z,10.69,NA
1989-02-24T00:00:00Z,10.78,NA
1989-03-03T00:00:00Z,10.91,NA
1989-03-10T00:00:00Z,10.86,NA
1989-03-17T00:00:00Z,10.98,NA
1989-03-24T00:00:00Z,11.22,NA
1989-03-31T00:00:00Z,11.19,NA
1989-04-07T00:00:00Z,11.07,NA
1989-04-14T00:00:00Z,11.11,NA
1989-04-21T00:00:00Z,10.99,NA
1989-04-28T00:00:00Z,11.03,NA
1989-05-05T00:00:00Z,10.97,NA
1989-05-12T00:00:00Z,10.93,NA
1989-05-19T00:00:00Z,10.69,NA
1989-05-26T00:00:00Z,10.5,NA
1989-06-02T00:00:00Z,10.48,NA
1989-06-09T00:00:00Z,10.2,NA
1989-06-16T00:00:00Z,10.04,NA
1989-06-23T00:00:00Z,10.19,NA
1989-06-30T00:00:00Z,10.07,NA
1989-07-07T00:00:00Z,10.03,NA
1989-07-14T00:00:00Z,9.82,NA
1989-07-21T00:00:00Z,9.87,NA
1989-07-28T00:00:00Z,9.81,NA
1989-08-04T00:00:00Z,9.68,NA
1989-08-11T00:00:00Z,9.96,NA
1989-08-18T00:00:00Z,10.09,NA
1989-08-25T00:00:00Z,10.21,NA
1989-09-01T00:00:00Z,10.22,NA
1989-09-08T00:00:00Z,10.17,NA
1989-09-15T00:00:00Z,10.05,NA
1989-09-22T00:00:00Z,10.03,NA
1989-09-29T00:00:00Z,10.16,NA
1989-10-06T00:00:00Z,10.1,NA
1989-10-13T00:00:00Z,9.95,NA
1989-10-20T00:00:00Z,9.92,NA
1989-10-27T00:00:00Z,9.82,NA
1989-11-03T00:00:00Z,9.82,NA
1989-11-10T00:00:00Z,9.79,NA
1989-11-17T00:00:00Z,9.72,NA
1989-11-24T00:00:00Z,9.74,NA
1989-12-01T00:00:00Z,9.74,NA
1989-12-08T00:00:00Z,9.76,NA
1989-12-15T00:00:00Z,9.75,NA
1989-12-22T00:00:00Z,9.69,NA
1989-12-29T00:00:00Z,9.78,NA
1990-01-05T00:00:00Z,9.83,NA
1990-01-12T00:00:00Z,9.8,NA
1990-01-19T00:00:00Z,9.9,NA
1990-01-26T00:00:00Z,10.05,NA
1990-02-02T00:00:00Z,10.17,NA
1990-02-09T00:00:00Z,10.21,NA
1990-02-16T00:00:00Z,10.1,NA
1990-02-23T00:00:00Z,10.31,NA
1990-03-02T00:00:00Z,10.23,NA
1990-03-09T00:00:00Z,10.29,NA
1990-03-16T00:00:00Z,10.34,NA
1990-03-23T00:00:00Z,10.26,NA
1990-03-30T00:00:00Z,10.22,NA
1990-04-06T00:00:00Z,10.26,NA
1990-04-13T00:00:00Z,10.25,NA
1990-04-20T00:00:00Z,10.41,NA
1990-04-27T00:00:00Z,10.56,NA
1990-05-04T00:00:00Z,10.67,NA
1990-05-11T00:00:00Z,10.54,NA
1990-05-18T00:00:00Z,10.37,NA
1990-05-25T00:00:00Z,10.33,NA
1990-06-01T00:00:00Z,10.29,NA
1990-06-08T00:00:00Z,10.1,NA
1990-06-15T00:00:00Z,10.12,NA
1990-06-22T00:00:00Z,10.16,NA
1990-06-29T00:00:00Z,10.15,NA
1990-07-06T00:00:00Z,10.06,NA
1990-07-13T00:00:00Z,10.11,NA
1990-07-20T00:00:00Z,9.99,NA
1990-07-27T00:00:00Z,9.98,NA
1990-08-03T00:00:00Z,9.84,NA
1990-08-10T00:00:00Z,10.08,NA
1990-08-17T00:00:00Z,10.05,NA
1990-08-24T00:00:00Z,10.29,NA
1990-08-31T00:00:00Z,10.24,NA
1990-09-07T00:00:00Z,10.19,NA
1990-09-14T00:00:00Z,10.13,NA
1990-09-21T00:00:00Z,10.16,NA
1990-09-28T00:00:00Z,10.22,NA
1990-10-05T00:00:00Z,10.08,NA
1990-10-12T00:00:00Z,10.22,NA
1990-10-19T00:00:00Z,10.24,NA
1990-10-26T00:00:00Z,10.17,NA
1990-11-02T00:00:00Z,10.13,NA
1990-11-09T00:00:00Z,10.09,NA
1990-11-16T00:00:00Z,10.02,NA
1990-11-23T00:00:00Z,9.93,NA
1990-11-30T00:00:00Z,9.9,NA
1990-12-07T00:00:00Z,9.81,NA
1990-12-14T00:00:00Z,9.56,NA
1990-12-21T00:00:00Z,9.64,NA
1990-12-28T00:00:00Z,9.68,NA
1991-01-04T00:00:00Z,9.56,NA
1991-01-11T00:00:00Z,9.63,NA
1991-01-18T00:00:00Z,9.75,NA
1991-01-25T00:00:00Z,9.61,NA
1991-02-01T00:00:00Z,9.56,NA
1991-02-08T00:00:00Z,9.36,NA
1991-02-15T00:00:00Z,9.25,NA
1991-02-22T00:00:00Z,9.29,NA
1991-03-01T00:00:00Z,9.4,NA
1991-03-08T00:00:00Z,9.49,NA
1991-03-15T00:00:00Z,9.5,NA
1991-03-22T00:00:00Z,9.59,NA
1991-03-29T00:00:00Z,9.52,NA
1991-04-05T00:00:00Z,9.49,NA
1991-04-12T00:00:00Z,9.48,NA
1991-04-19T00:00:00Z,9.47,NA
1991-04-26T00:00:00Z,9.53,NA
1991-05-03T00:00:00Z,9.47,NA
1991-05-10T00:00:00Z,9.47,NA
1991-05-17T00:00:00Z,9.5,NA
1991-05-24T00:00:00Z,9.47,NA
1991-05-31T00:00:00Z,9.45,NA
1991-06-07T00:00:00Z,9.48,NA
1991-06-14T00:00:00Z,9.66,NA
1991-06-21T00:00:00Z,9.65,NA
1991-06-28T00:00:00Z,9.67,NA
1991-07-05T00:00:00Z,9.62,NA
1991-07-12T00:00:00Z,9.64,NA
1991-07-19T00:00:00Z,9.54,NA
1991-07-26T00:00:00Z,9.5,NA
1991-08-02T00:00:00Z,9.44,NA
1991-08-09T00:00:00Z,9.27,NA
1991-08-16T00:00:00Z,9.19,NA
1991-08-23T00:00:00Z,9.17,NA
1991-08-30T00:00:00Z,9.15,8.77
1991-09-06T00:00:00Z,9.14,8.79
1991-09-13T00:00:00Z,9.02,8.68
1991-09-20T00:00:00Z,8.95,8.62
1991-09-27T00:00:00Z,8.92,8.59
1991-10-04T00:00:00Z,8.87,8.51
1991-10-11T00:00:00Z,8.82,8.46
1991-10-18T00:00:00Z,8.82,8.45
1991-10-25T00:00:00Z,8.91,8.51
1991-11-01T00:00:00Z,8.78,8.41
1991-11-08T00:00:00Z,8.76,8.36
1991-11-15T00:00:00Z,8.69,8.32
1991-11-22T00:00:00Z,8.63,8.25
1991-11-29T00:00:00Z,8.7,8.29
1991-12-06T00:00:00Z,8.62,8.21
1991-12-13T00:00:00Z,8.53,8.1
1991-12-20T00:00:00Z,8.49,8.07
1991-12-27T00:00:00Z,8.35,7.9
1992-01-03T00:00:00Z,8.24,7.79
1992-01-10T00:00:00Z,8.23,7.79
1992-01-17T00:00:00Z,8.45,8.03
1992-01-24T00:00:00Z,8.56,8.14
1992-01-31T00:00:00Z,8.68,8.28
1992-02-07T00:00:00Z,8.67,8.3
1992-02-14T00:00:00Z,8.73,8.36
1992-02-21T00:00:00Z,8.82,8.43
1992-02-28T00:00:00Z,8.83,8.44
1992-03-06T00:00:00Z,8.85,8.48
1992-03-13T00:00:00Z,8.88,8.51
1992-03-20T00:00:00Z,9.03,8.69
1992-03-27T00:00:00Z,8.98,8.63
1992-04-03T00:00:00Z,8.96,8.57
1992-04-10T00:00:00Z,8.84,8.44
1992-04-17T00:00:00Z,8.76,8.38
1992-04-24T00:00:00Z,8.85,8.49
1992-05-01T00:00:00Z,8.84,8.46
1992-05-08T00:00:00Z,8.75,8.38
1992-05-15T00:00:00Z,8.64,8.26
1992-05-22T00:00:00Z,8.53,8.16
1992-05-29T00:00:00Z,8.6,8.21
1992-06-05T00:00:00Z,8.59,8.18
1992-06-12T00:00:00Z,8.54,8.12
1992-06-19T00:00:00Z,8.48,8.03
1992-06-26T00:00:00Z,8.43,7.98
1992-07-03T00:00:00Z,8.29,7.84
1992-07-10T00:00:00Z,8.13,7.67
1992-07-17T00:00:00Z,8.09,7.63
1992-07-24T00:00:00Z,8.08,7.61
1992-07-31T00:00:00Z,8.05,7.6
1992-08-07T00:00:00Z,8.06,7.59
1992-08-14T00:00:00Z,7.96,7.48
1992-08-21T00:00:00Z,7.87,7.38
1992-08-28T00:00:00Z,8.01,7.51
1992-09-04T00:00:00Z,7.94,7.44
1992-09-11T00:00:00Z,7.84,7.33
1992-09-18T00:00:00Z,7.89,7.37
1992-09-24T00:00:00Z,8.02,7.48
1992-10-02T00:00:00Z,7.93,7.37
1992-10-09T00:00:00Z,8.01,7.46
1992-10-16T00:00:00Z,8.06,7.51
1992-10-23T00:00:00Z,8.23,7.71
1992-10-30T00:00:00Z,8.21,7.68
1992-11-06T00:00:00Z,8.29,7.75
1992-11-13T00:00:00Z,8.32,7.79
1992-11-20T00:00:00Z,8.32,7.83
1992-11-27T00:00:00Z,8.29,7.81
1992-12-04T00:00:00Z,8.34,7.87
1992-12-11T00:00:00Z,8.23,7.77
1992-12-18T00:00:00Z,8.19,7.74
1992-12-25T00:00:00Z,8.13,7.65
1992-12-31T00:00:00Z,8.14,7.68
1993-01-08T00:00:00Z,8.07,7.6
1993-01-15T00:00:00Z,8.04,7.56
1993-01-22T00:00:00Z,8,7.51
1993-01-29T00:00:00Z,7.86,7.37
1993-02-05T00:00:00Z,7.8,7.29
1993-02-12T00:00:00Z,7.75,7.25
1993-02-19T00:00:00Z,7.65,7.12
1993-02-26T00:00:00Z,7.53,7.02
1993-03-05T00:00:00Z,7.44,6.91
1993-03-12T00:00:00Z,7.47,6.97
1993-03-19T00:00:00Z,7.57,7.07
1993-03-26T00:00:00Z,7.5,7.01
1993-04-02T00:00:00Z,7.53,7.03
1993-04-09T00:00:00Z,7.57,7.07
1993-04-16T00:00:00Z,7.45,6.93
1993-04-23T00:00:00Z,7.38,6.86
1993-04-30T00:00:00Z,7.43,6.91
1993-05-07T00:00:00Z,7.42,6.88
1993-05-14T00:00:00Z,7.42,6.86
1993-05-21T00:00:00Z,7.52,6.98
1993-05-28T00:00:00Z,7.5,6.99
1993-06-04T00:00:00Z,7.47,6.97
1993-06-11T00:00:00Z,7.48,6.98
1993-06-18T00:00:00Z,7.38,6.87
1993-06-25T00:00:00Z,7.34,6.84
1993-07-02T00:00:00Z,7.23,6.76
1993-07-09T00:00:00Z,7.19,6.71
1993-07-16T00:00:00Z,7.16,6.67
1993-07-23T00:00:00Z,7.2,6.7
1993-07-30T00:00:00Z,7.25,6.75
1993-08-06T00:00:00Z,7.21,6.72
1993-08-13T00:00:00Z,7.17,6.68
1993-08-20T00:00:00Z,7.1,6.62
1993-08-27T00:00:00Z,6.97,6.49
1993-09-03T00:00:00Z,6.93,6.45
1993-09-10T00:00:00Z,6.82,6.35
1993-09-17T00:00:00Z,6.96,6.49
1993-09-24T00:00:00Z,6.95,6.47
1993-10-01T00:00:00Z,6.89,6.41
1993-10-08T00:00:00Z,6.87,6.39
1993-10-15T00:00:00Z,6.81,6.36
1993-10-22T00:00:00Z,6.74,6.31
1993-10-29T00:00:00Z,6.86,6.4
1993-11-05T00:00:00Z,7.11,6.65
1993-11-12T00:00:00Z,7.12,6.64
1993-11-19T00:00:00Z,7.08,6.62
1993-11-26T00:00:00Z,7.31,6.84
1993-12-04T00:00:00Z,7.25,6.74
1993-12-10T00:00:00Z,7.14,6.65
1993-12-17T00:00:00Z,7.17,6.7
1993-12-24T00:00:00Z,7.17,6.69
1993-12-31T00:00:00Z,7.13,6.63
1994-01-07T00:00:00Z,7.23,6.74
1994-01-14T00:00:00Z,6.99,6.48
1994-01-21T00:00:00Z,7.05,6.57
1994-01-28T00:00:00Z,6.97,6.47
1994-02-04T00:00:00Z,6.97,6.46
1994-02-11T00:00:00Z,7.21,6.72
1994-02-18T00:00:00Z,7.11,6.64
1994-02-25T00:00:00Z,7.32,6.8
1994-03-04T00:00:00Z,7.51,7.01
1994-03-11T00:00:00Z,7.63,7.15
1994-03-18T00:00:00Z,7.76,7.27
1994-03-25T00:00:00Z,7.8,7.3
1994-04-01T00:00:00Z,8.04,7.55
1994-04-08T00:00:00Z,8.47,7.91
1994-04-15T00:00:00Z,8.26,7.72
1994-04-22T00:00:00Z,8.49,7.97
1994-04-29T00:00:00Z,8.32,7.85
1994-05-06T00:00:00Z,8.53,8.03
1994-05-13T00:00:00Z,8.77,8.25
1994-05-20T00:00:00Z,8.56,8.04
1994-05-27T00:00:00Z,8.53,7.99
1994-06-03T00:00:00Z,8.55,8.02
1994-06-10T00:00:00Z,8.25,7.79
1994-06-17T00:00:00Z,8.33,7.83
1994-06-24T00:00:00Z,8.46,8
1994-07-01T00:00:00Z,8.57,8.07
1994-07-08T00:00:00Z,8.68,8.15
1994-07-15T00:00:00Z,8.72,8.2
1994-07-22T00:00:00Z,8.53,8.05
1994-07-29T00:00:00Z,8.57,8.09
1994-08-05T00:00:00Z,8.38,7.9
1994-08-12T00:00:00Z,8.57,8.08
1994-08-19T00:00:00Z,8.54,8.05
1994-08-26T00:00:00Z,8.56,8.05
1994-09-02T00:00:00Z,8.48,7.96
1994-09-09T00:00:00Z,8.51,8.03
1994-09-16T00:00:00Z,8.66,8.15
1994-09-23T00:00:00Z,8.73,8.21
1994-09-30T00:00:00Z,8.82,8.31
1994-10-07T00:00:00Z,8.89,8.38
1994-10-14T00:00:00Z,8.93,8.4
1994-10-21T00:00:00Z,8.85,8.3
1994-10-28T00:00:00Z,9.03,8.47
1994-11-04T00:00:00Z,9.05,8.51
1994-11-11T00:00:00Z,9.19,8.67
1994-11-18T00:00:00Z,9.19,8.71
1994-11-25T00:00:00Z,9.25,8.77
1994-12-02T00:00:00Z,9.23,8.76
1994-12-09T00:00:00Z,9.15,8.77
1994-12-16T00:00:00Z,9.25,8.89
1994-12-23T00:00:00Z,9.18,8.79
1994-12-30T00:00:00Z,9.18,8.81
1995-01-06T00:00:00Z,9.22,8.87
1995-01-13T00:00:00Z,9.19,8.85
1995-01-20T00:00:00Z,9.05,8.7
1995-01-27T00:00:00Z,9.13,8.76
1995-02-03T00:00:00Z,8.94,8.59
1995-02-10T00:00:00Z,8.8,8.45
1995-02-17T00:00:00Z,8.84,8.46
1995-02-24T00:00:00Z,8.73,8.34
1995-03-03T00:00:00Z,8.53,8.15
1995-03-10T00:00:00Z,8.62,8.24
1995-03-17T00:00:00Z,8.38,8
1995-03-24T00:00:00Z,8.4,7.97
1995-03-31T00:00:00Z,8.38,7.96
1995-04-07T00:00:00Z,8.41,7.99
1995-04-14T00:00:00Z,8.37,7.93
1995-04-21T00:00:00Z,8.24,7.8
1995-04-28T00:00:00Z,8.26,7.8
1995-05-05T00:00:00Z,8.27,7.8
1995-05-12T00:00:00Z,7.87,7.45
1995-05-19T00:00:00Z,7.83,7.39
1995-05-26T00:00:00Z,7.85,7.4
1995-06-02T00:00:00Z,7.71,7.24
1995-06-09T00:00:00Z,7.51,7
1995-06-16T00:00:00Z,7.55,7.03
1995-06-23T00:00:00Z,7.53,7.01
1995-06-30T00:00:00Z,7.53,7.03
1995-07-07T00:00:00Z,7.63,7.11
1995-07-14T00:00:00Z,7.41,6.89
1995-07-21T00:00:00Z,7.6,7.08
1995-07-28T00:00:00Z,7.79,7.27
1995-08-04T00:00:00Z,7.82,7.31
1995-08-11T00:00:00Z,7.8,7.31
1995-08-18T00:00:00Z,7.94,7.43
1995-08-25T00:00:00Z,7.88,7.39
1995-09-01T00:00:00Z,7.76,7.27
1995-09-08T00:00:00Z,7.63,7.16
1995-09-15T00:00:00Z,7.6,7.12
1995-09-22T00:00:00Z,7.57,7.09
1995-09-29T00:00:00Z,7.62,7.16
1995-10-06T00:00:00Z,7.57,7.09
1995-10-13T00:00:00Z,7.5,7.01
1995-10-20T00:00:00Z,7.38,6.92
1995-10-27T00:00:00Z,7.45,7.01
1995-11-03T00:00:00Z,7.44,6.97
1995-11-09T00:00:00Z,7.37,6.87
1995-11-17T00:00:00Z,7.35,6.86
1995-11-24T00:00:00Z,7.35,6.85
1995-12-01T00:00:00Z,7.33,6.85
1995-12-08T00:00:00Z,7.18,6.74
1995-12-15T00:00:00Z,7.15,6.71
1995-12-22T00:00:00Z,7.23,6.73
1995-12-29T00:00:00Z,7.11,6.65
1996-01-05T00:00:00Z,7.02,6.56
1996-01-12T00:00:00Z,7.08,6.59
1996-01-19T00:00:00Z,7.02,6.53
1996-01-26T00:00:00Z,7,6.5
1996-02-02T00:00:00Z,7.02,6.52
1996-02-09T00:00:00Z,7.02,6.51
1996-02-16T00:00:00Z,6.94,6.44
1996-02-23T00:00:00Z,7.32,6.77
1996-03-01T00:00:00Z,7.41,6.87
1996-03-08T00:00:00Z,7.38,6.87
1996-03-15T00:00:00Z,7.83,7.32
1996-03-22T00:00:00Z,7.81,7.32
1996-03-29T00:00:00Z,7.69,7.19
1996-04-05T00:00:00Z,7.78,7.29
1996-04-12T00:00:00Z,8.05,7.56
1996-04-19T00:00:00Z,7.95,7.48
1996-04-26T00:00:00Z,7.92,7.43
1996-05-03T00:00:00Z,7.99,7.5
1996-05-10T00:00:00Z,8.24,7.75
1996-05-17T00:00:00Z,8.08,7.59
1996-05-24T00:00:00Z,8.01,7.51
1996-05-31T00:00:00Z,8.03,7.54
1996-06-07T00:00:00Z,8.3,7.8
1996-06-14T00:00:00Z,8.39,7.9
1996-06-21T00:00:00Z,8.3,7.81
1996-06-28T00:00:00Z,8.29,7.82
1996-07-05T00:00:00Z,8.14,7.67
1996-07-12T00:00:00Z,8.42,7.93
1996-07-19T00:00:00Z,8.23,7.76
1996-07-26T00:00:00Z,8.19,7.71
1996-08-02T00:00:00Z,8.23,7.75
1996-08-09T00:00:00Z,7.88,7.4
1996-08-16T00:00:00Z,7.88,7.39
1996-08-23T00:00:00Z,7.93,7.45
1996-08-30T00:00:00Z,8.09,7.6
1996-09-06T00:00:00Z,8.34,7.88
1996-09-13T00:00:00Z,8.28,7.81
1996-09-20T00:00:00Z,8.14,7.64
1996-09-27T00:00:00Z,8.16,7.68
1996-10-04T00:00:00Z,8.06,7.58
1996-10-11T00:00:00Z,7.86,7.38
1996-10-18T00:00:00Z,7.88,7.39
1996-10-25T00:00:00Z,7.86,7.37
1996-11-01T00:00:00Z,7.78,7.3
1996-11-08T00:00:00Z,7.67,7.2
1996-11-15T00:00:00Z,7.59,7.11
1996-11-22T00:00:00Z,7.53,7.06
1996-11-29T00:00:00Z,7.52,7.04
1996-12-06T00:00:00Z,7.44,6.96
1996-12-13T00:00:00Z,7.57,7.06
1996-12-20T00:00:00Z,7.74,7.21
1996-12-27T00:00:00Z,7.64,7.16
1997-01-03T00:00:00Z,7.67,7.18
1997-01-10T00:00:00Z,7.85,7.35
1997-01-17T00:00:00Z,7.87,7.38
1997-01-24T00:00:00Z,7.85,7.35
1997-01-31T00:00:00Z,7.88,7.38
1997-02-07T00:00:00Z,7.74,7.25
1997-02-14T00:00:00Z,7.65,7.14
1997-02-21T00:00:00Z,7.56,7.06
1997-02-28T00:00:00Z,7.65,7.15
1997-03-07T00:00:00Z,7.84,7.35
1997-03-14T00:00:00Z,7.84,7.34
1997-03-21T00:00:00Z,7.94,7.45
1997-03-28T00:00:00Z,7.97,7.48
1997-04-04T00:00:00Z,8.18,7.7
1997-04-11T00:00:00Z,8.15,7.67
1997-04-18T00:00:00Z,8.16,7.71
1997-04-25T00:00:00Z,8.08,7.62
1997-05-02T00:00:00Z,8.01,7.53
1997-05-09T00:00:00Z,7.94,7.47
1997-05-16T00:00:00Z,7.91,7.44
1997-05-23T00:00:00Z,7.92,7.45
1997-05-30T00:00:00Z,7.94,7.47
1997-06-06T00:00:00Z,7.85,7.4
1997-06-13T00:00:00Z,7.72,7.27
1997-06-20T00:00:00Z,7.61,7.14
1997-06-27T00:00:00Z,7.58,7.13
1997-07-04T00:00:00Z,7.62,7.15
1997-07-11T00:00:00Z,7.47,7.01
1997-07-18T00:00:00Z,7.47,7.01
1997-07-25T00:00:00Z,7.43,6.98
1997-08-01T00:00:00Z,7.36,6.9
1997-08-08T00:00:00Z,7.46,7
1997-08-15T00:00:00Z,7.54,7.07
1997-08-22T00:00:00Z,7.46,6.99
1997-08-29T00:00:00Z,7.58,7.12
1997-09-05T00:00:00Z,7.53,7.08
1997-09-12T00:00:00Z,7.53,7.07
1997-09-19T00:00:00Z,7.38,6.94
1997-09-26T00:00:00Z,7.28,6.86
1997-10-03T00:00:00Z,7.31,6.87
1997-10-10T00:00:00Z,7.26,6.82
1997-10-17T00:00:00Z,7.34,6.89
1997-10-24T00:00:00Z,7.35,6.9
1997-10-31T00:00:00Z,7.21,6.76
1997-11-07T00:00:00Z,7.24,6.8
1997-11-14T00:00:00Z,7.23,6.78
1997-11-21T00:00:00Z,7.18,6.73
1997-11-28T00:00:00Z,7.17,6.73
1997-12-05T00:00:00Z,7.15,6.71
1997-12-12T00:00:00Z,7.17,6.72
1997-12-19T00:00:00Z,7.07,6.65
1997-12-26T00:00:00Z,6.99,6.57
1998-01-02T00:00:00Z,7.03,6.61
1998-01-09T00:00:00Z,6.94,6.55
1998-01-16T00:00:00Z,6.89,6.46
1998-01-23T00:00:00Z,6.99,6.56
1998-01-30T00:00:00Z,7.12,6.7
1998-02-06T00:00:00Z,7.03,6.62
1998-02-13T00:00:00Z,7.06,6.65
1998-02-20T00:00:00Z,6.99,6.59
1998-02-28T00:00:00Z,7.09,6.69
1998-03-06T00:00:00Z,7.19,6.8
1998-03-13T00:00:00Z,7.16,6.78
1998-03-20T00:00:00Z,7.08,6.7
1998-03-27T00:00:00Z,7.08,6.69
1998-04-03T00:00:00Z,7.15,6.79
1998-04-10T00:00:00Z,7.09,6.74
1998-04-17T00:00:00Z,7.17,6.81
1998-04-24T00:00:00Z,7.15,6.78
1998-05-01T00:00:00Z,7.22,6.85
1998-05-08T00:00:00Z,7.14,6.78
1998-05-15T00:00:00Z,7.19,6.82
1998-05-22T00:00:00Z,7.1,6.75
1998-05-29T00:00:00Z,7.07,6.72
1998-06-05T00:00:00Z,7.05,6.7
1998-06-12T00:00:00Z,7.04,6.71
1998-06-19T00:00:00Z,6.94,6.62
1998-06-26T00:00:00Z,6.96,6.64
1998-07-03T00:00:00Z,6.98,6.65
1998-07-10T00:00:00Z,6.91,6.6
1998-07-17T00:00:00Z,6.94,6.6
1998-07-24T00:00:00Z,6.96,6.63
1998-07-31T00:00:00Z,6.97,6.64
1998-08-07T00:00:00Z,6.94,6.63
1998-08-14T00:00:00Z,6.91,6.6
1998-08-21T00:00:00Z,6.92,6.61
1998-08-28T00:00:00Z,6.92,6.61
1998-09-04T00:00:00Z,6.82,6.51
1998-09-11T00:00:00Z,6.77,6.43
1998-09-18T00:00:00Z,6.66,6.35
1998-09-25T00:00:00Z,6.64,6.32
1998-10-02T00:00:00Z,6.6,6.27
1998-10-09T00:00:00Z,6.49,6.15
1998-10-16T00:00:00Z,6.9,6.58
1998-10-23T00:00:00Z,6.73,6.34
1998-10-30T00:00:00Z,6.83,6.48
1998-11-06T00:00:00Z,6.89,6.5
1998-11-13T00:00:00Z,6.93,6.57
1998-11-20T00:00:00Z,6.86,6.51
1998-11-27T00:00:00Z,6.78,6.44
1998-12-04T00:00:00Z,6.71,6.37
1998-12-11T00:00:00Z,6.69,6.34
1998-12-18T00:00:00Z,6.69,6.35
1998-12-25T00:00:00Z,6.77,6.41
1998-12-31T00:00:00Z,6.83,6.48
1999-01-08T00:00:00Z,6.79,6.43
1999-01-15T00:00:00Z,6.83,6.48
1999-01-22T00:00:00Z,6.78,6.42
1999-01-29T00:00:00Z,6.74,6.37
1999-02-05T00:00:00Z,6.75,6.38
1999-02-12T00:00:00Z,6.77,6.4
1999-02-19T00:00:00Z,6.82,6.46
1999-02-26T00:00:00Z,6.89,6.51
1999-03-05T00:00:00Z,7.06,6.7
1999-03-12T00:00:00Z,7.11,6.75
1999-03-19T00:00:00Z,7.01,6.64
1999-03-26T00:00:00Z,6.98,6.61
1999-04-02T00:00:00Z,6.98,6.58
1999-04-09T00:00:00Z,6.92,6.53
1999-04-16T00:00:00Z,6.87,6.47
1999-04-23T00:00:00Z,6.88,6.51
1999-04-30T00:00:00Z,6.93,6.55
1999-05-07T00:00:00Z,7.02,6.61
1999-05-14T00:00:00Z,7.1,6.71
1999-05-21T00:00:00Z,7.23,6.83
1999-05-28T00:00:00Z,7.23,6.84
1999-06-04T00:00:00Z,7.41,7.04
1999-06-11T00:00:00Z,7.51,7.13
1999-06-18T00:00:00Z,7.65,7.26
1999-06-25T00:00:00Z,7.63,7.28
1999-07-02T00:00:00Z,7.71,7.34
1999-07-09T00:00:00Z,7.65,7.3
1999-07-16T00:00:00Z,7.58,7.19
1999-07-23T00:00:00Z,7.52,7.16
1999-07-30T00:00:00Z,7.7,7.29
1999-08-06T00:00:00Z,7.89,7.45
1999-08-13T00:00:00Z,8.15,7.7
1999-08-20T00:00:00Z,7.93,7.53
1999-08-27T00:00:00Z,7.8,7.43
1999-09-03T00:00:00Z,7.83,7.45
1999-09-10T00:00:00Z,7.88,7.49
1999-09-17T00:00:00Z,7.82,7.43
1999-09-24T00:00:00Z,7.76,7.4
1999-10-01T00:00:00Z,7.7,7.35
1999-10-08T00:00:00Z,7.82,7.43
1999-10-15T00:00:00Z,7.85,7.45
1999-10-22T00:00:00Z,7.93,7.53
1999-10-29T00:00:00Z,7.96,7.57
1999-11-05T00:00:00Z,7.84,7.45
1999-11-12T00:00:00Z,7.67,7.3
1999-11-19T00:00:00Z,7.69,7.31
1999-11-26T00:00:00Z,7.75,7.36
1999-12-03T00:00:00Z,7.84,7.46
1999-12-10T00:00:00Z,7.84,7.45
1999-12-17T00:00:00Z,7.86,7.47
1999-12-24T00:00:00Z,7.96,7.57
1999-12-31T00:00:00Z,8.06,7.66
2000-01-07T00:00:00Z,8.15,7.73
2000-01-14T00:00:00Z,8.18,7.78
2000-01-21T00:00:00Z,8.26,7.86
2000-01-28T00:00:00Z,8.25,7.84
2000-02-04T00:00:00Z,8.25,7.85
2000-02-11T00:00:00Z,8.36,7.96
2000-02-18T00:00:00Z,8.38,8
2000-02-25T00:00:00Z,8.31,7.92
2000-03-03T00:00:00Z,8.27,7.84
2000-03-10T00:00:00Z,8.23,7.81
2000-03-17T00:00:00Z,8.24,7.83
2000-03-24T00:00:00Z,8.23,7.84
2000-03-31T00:00:00Z,8.23,7.84
2000-04-07T00:00:00Z,8.2,7.83
2000-04-14T00:00:00Z,8.12,7.76
2000-04-21T00:00:00Z,8.16,7.82
2000-04-28T00:00:00Z,8.13,7.79
2000-05-05T00:00:00Z,8.28,7.94
2000-05-12T00:00:00Z,8.52,8.17
2000-05-19T00:00:00Z,8.64,8.31
2000-05-26T00:00:00Z,8.62,8.31
2000-06-02T00:00:00Z,8.54,8.24
2000-06-09T00:00:00Z,8.32,8.04
2000-06-16T00:00:00Z,8.22,7.91
2000-06-23T00:00:00Z,8.14,7.85
2000-06-30T00:00:00Z,8.22,7.92
2000-07-07T00:00:00Z,8.16,7.88
2000-07-14T00:00:00Z,8.09,7.8
2000-07-21T00:00:00Z,8.21,7.93
2000-07-28T00:00:00Z,8.13,7.85
2000-08-04T00:00:00Z,8.12,7.88
2000-08-11T00:00:00Z,8.04,7.75
2000-08-18T00:00:00Z,7.96,7.7
2000-08-25T00:00:00Z,7.99,7.72
2000-09-01T00:00:00Z,7.96,7.67
2000-09-08T00:00:00Z,7.94,7.65
2000-09-15T00:00:00Z,7.88,7.6
2000-09-22T00:00:00Z,7.9,7.57
2000-09-29T00:00:00Z,7.88,7.53
2000-10-06T00:00:00Z,7.83,7.5
2000-10-13T00:00:00Z,7.84,7.52
2000-10-20T00:00:00Z,7.83,7.5
2000-10-27T00:00:00Z,7.68,7.36
2000-11-03T00:00:00Z,7.73,7.41
2000-11-10T00:00:00Z,7.79,7.44
2000-11-17T00:00:00Z,7.73,7.41
2000-11-24T00:00:00Z,7.73,7.41
2000-12-01T00:00:00Z,7.65,7.35
2000-12-08T00:00:00Z,7.54,7.19
2000-12-15T00:00:00Z,7.42,7.11
2000-12-22T00:00:00Z,7.17,6.84
2000-12-29T00:00:00Z,7.13,6.79
2001-01-05T00:00:00Z,7.07,6.74
2001-01-12T00:00:00Z,6.89,6.49
2001-01-19T00:00:00Z,7.02,6.63
2001-01-26T00:00:00Z,7.15,6.7
2001-02-02T00:00:00Z,7.09,6.66
2001-02-09T00:00:00Z,6.98,6.6
2001-02-16T00:00:00Z,7.01,6.61
2001-02-23T00:00:00Z,7.12,6.69
2001-03-02T00:00:00Z,7.03,6.58
2001-03-09T00:00:00Z,6.97,6.52
2001-03-16T00:00:00Z,6.96,6.54
2001-03-23T00:00:00Z,6.89,6.44
2001-03-30T00:00:00Z,6.91,6.46
2001-04-06T00:00:00Z,7.01,6.54
2001-04-13T00:00:00Z,7.04,6.55
2001-04-20T00:00:00Z,7.14,6.66
2001-04-27T00:00:00Z,7.12,6.63
2001-05-04T00:00:00Z,7.14,6.66
2001-05-11T00:00:00Z,7.1,6.61
2001-05-18T00:00:00Z,7.14,6.67
2001-05-25T00:00:00Z,7.2,6.76
2001-06-01T00:00:00Z,7.24,6.78
2001-06-08T00:00:00Z,7.2,6.74
2001-06-15T00:00:00Z,7.14,6.7
2001-06-22T00:00:00Z,7.11,6.65
2001-06-29T00:00:00Z,7.11,6.63
2001-07-06T00:00:00Z,7.19,6.74
2001-07-13T00:00:00Z,7.21,6.76
2001-07-20T00:00:00Z,7.08,6.65
2001-07-27T00:00:00Z,7.03,6.58
2001-08-03T00:00:00Z,7,6.54
2001-08-10T00:00:00Z,7,6.54
2001-08-17T00:00:00Z,6.92,6.48
2001-08-24T00:00:00Z,6.91,6.47
2001-08-31T00:00:00Z,6.92,6.47
2001-09-07T00:00:00Z,6.89,6.44
2001-09-14T00:00:00Z,6.86,6.39
2001-09-21T00:00:00Z,6.8,6.3
2001-09-28T00:00:00Z,6.72,6.23
2001-10-05T00:00:00Z,6.64,6.11
2001-10-12T00:00:00Z,6.58,6.06
2001-10-19T00:00:00Z,6.61,6.09
2001-10-26T00:00:00Z,6.64,6.13
2001-11-02T00:00:00Z,6.56,6.04
2001-11-09T00:00:00Z,6.45,5.94
2001-11-16T00:00:00Z,6.51,5.98
2001-11-23T00:00:00Z,6.75,6.24
2001-11-30T00:00:00Z,7.02,6.53
2001-12-07T00:00:00Z,6.84,6.3
2001-12-14T00:00:00Z,7.09,6.57
2001-12-21T00:00:00Z,7.17,6.65
2001-12-28T00:00:00Z,7.16,6.65
2002-01-04T00:00:00Z,7.14,6.62
2002-01-11T00:00:00Z,7.06,6.55
2002-01-18T00:00:00Z,6.83,6.31
2002-01-25T00:00:00Z,6.96,6.44
2002-02-01T00:00:00Z,7.02,6.51
2002-02-08T00:00:00Z,6.88,6.36
2002-02-15T00:00:00Z,6.86,6.35
2002-02-22T00:00:00Z,6.81,6.28
2002-03-01T00:00:00Z,6.8,6.28
2002-03-08T00:00:00Z,6.87,6.37
2002-03-15T00:00:00Z,7.08,6.59
2002-03-22T00:00:00Z,7.14,6.65
2002-03-29T00:00:00Z,7.18,6.69
2002-04-05T00:00:00Z,7.13,6.64
2002-04-12T00:00:00Z,6.99,6.49
2002-04-19T00:00:00Z,6.94,6.42
2002-04-26T00:00:00Z,6.88,6.35
2002-05-03T00:00:00Z,6.78,6.26
2002-05-10T00:00:00Z,6.79,6.27
2002-05-17T00:00:00Z,6.89,6.37
2002-05-24T00:00:00Z,6.81,6.28
2002-05-31T00:00:00Z,6.76,6.22
2002-06-07T00:00:00Z,6.71,6.18
2002-06-14T00:00:00Z,6.71,6.17
2002-06-21T00:00:00Z,6.63,6.08
2002-06-28T00:00:00Z,6.55,5.99
2002-07-05T00:00:00Z,6.57,6.03
2002-07-12T00:00:00Z,6.54,6
2002-07-19T00:00:00Z,6.49,5.93
2002-07-26T00:00:00Z,6.34,5.76
2002-08-02T00:00:00Z,6.43,5.84
2002-08-09T00:00:00Z,6.31,5.69
2002-08-16T00:00:00Z,6.22,5.63
2002-08-23T00:00:00Z,6.27,5.71
2002-08-30T00:00:00Z,6.22,5.64
2002-09-06T00:00:00Z,6.15,5.56
2002-09-13T00:00:00Z,6.18,5.59
2002-09-20T00:00:00Z,6.05,5.47
2002-09-27T00:00:00Z,5.99,5.41
2002-10-04T00:00:00Z,6.01,5.4
2002-10-11T00:00:00Z,5.98,5.34
2002-10-18T00:00:00Z,6.15,5.56
2002-10-25T00:00:00Z,6.31,5.7
2002-11-01T00:00:00Z,6.13,5.51
2002-11-08T00:00:00Z,6.11,5.48
2002-11-15T00:00:00Z,5.94,5.32
2002-11-22T00:00:00Z,6.03,5.44
2002-11-29T00:00:00Z,6.13,5.57
2002-12-06T00:00:00Z,6.19,5.6
2002-12-13T00:00:00Z,6.04,5.46
2002-12-20T00:00:00Z,6.03,5.42
2002-12-27T00:00:00Z,5.93,5.32
2003-01-03T00:00:00Z,5.85,5.24
2003-01-10T00:00:00Z,5.95,5.33
2003-01-17T00:00:00Z,5.97,5.36
2003-01-24T00:00:00Z,5.91,5.31
2003-01-31T00:00:00Z,5.9,5.28
2003-02-07T00:00:00Z,5.88,5.27
2003-02-14T00:00:00Z,5.86,5.26
2003-02-21T00:00:00Z,5.84,5.21
2003-02-28T00:00:00Z,5.79,5.14
2003-03-07T00:00:00Z,5.67,5.01
2003-03-14T00:00:00Z,5.61,4.93
2003-03-21T00:00:00Z,5.79,5.11
2003-03-28T00:00:00Z,5.91,5.21
2003-04-04T00:00:00Z,5.79,5.06
2003-04-11T00:00:00Z,5.85,5.17
2003-04-18T00:00:00Z,5.82,5.12
2003-04-25T00:00:00Z,5.79,5.12
2003-05-02T00:00:00Z,5.7,5.03
2003-05-09T00:00:00Z,5.62,4.97
2003-05-16T00:00:00Z,5.45,4.84
2003-05-23T00:00:00Z,5.34,4.73
2003-05-30T00:00:00Z,5.31,4.73
2003-06-06T00:00:00Z,5.26,4.66
2003-06-13T00:00:00Z,5.21,4.6
2003-06-20T00:00:00Z,5.21,4.62
2003-06-27T00:00:00Z,5.24,4.63
2003-07-04T00:00:00Z,5.4,4.75
2003-07-11T00:00:00Z,5.52,4.85
2003-07-18T00:00:00Z,5.67,5
2003-07-25T00:00:00Z,5.94,5.27
2003-08-01T00:00:00Z,6.14,5.44
2003-08-08T00:00:00Z,6.34,5.66
2003-08-15T00:00:00Z,6.24,5.58
2003-08-22T00:00:00Z,6.28,5.6
2003-08-29T00:00:00Z,6.32,5.66
2003-09-05T00:00:00Z,6.44,5.77
2003-09-12T00:00:00Z,6.16,5.46
2003-09-19T00:00:00Z,6.01,5.3
2003-09-26T00:00:00Z,5.98,5.3
2003-10-03T00:00:00Z,5.77,5.1
2003-10-10T00:00:00Z,5.95,5.26
2003-10-17T00:00:00Z,6.05,5.36
2003-10-24T00:00:00Z,6.05,5.39
2003-10-31T00:00:00Z,5.94,5.26
2003-11-07T00:00:00Z,5.98,5.31
2003-11-14T00:00:00Z,6.03,5.39
2003-11-21T00:00:00Z,5.83,5.17
2003-11-28T00:00:00Z,5.89,5.22
2003-12-05T00:00:00Z,6.02,5.36
2003-12-12T00:00:00Z,5.88,5.24
2003-12-19T00:00:00Z,5.82,5.14
2003-12-26T00:00:00Z,5.81,5.13
2003-12-31T00:00:00Z,5.85,5.15
2004-01-08T00:00:00Z,5.87,5.17
2004-01-15T00:00:00Z,5.66,4.97
2004-01-22T00:00:00Z,5.64,4.95
2004-01-29T00:00:00Z,5.68,4.97
2004-02-05T00:00:00Z,5.72,5.03
2004-02-12T00:00:00Z,5.66,4.96
2004-02-19T00:00:00Z,5.58,4.87
2004-02-26T00:00:00Z,5.58,4.89
2004-03-04T00:00:00Z,5.59,4.88
2004-03-11T00:00:00Z,5.41,4.69
2004-03-18T00:00:00Z,5.38,4.69
2004-03-25T00:00:00Z,5.4,4.7
2004-04-01T00:00:00Z,5.52,4.84
2004-04-08T00:00:00Z,5.79,5.12
2004-04-15T00:00:00Z,5.89,5.23
2004-04-22T00:00:00Z,5.94,5.25
2004-04-29T00:00:00Z,6.01,5.35
2004-05-06T00:00:00Z,6.12,5.47
2004-05-13T00:00:00Z,6.34,5.72
2004-05-20T00:00:00Z,6.3,5.67
2004-05-27T00:00:00Z,6.32,5.69
2004-06-03T00:00:00Z,6.28,5.63
2004-06-10T00:00:00Z,6.3,5.67
2004-06-17T00:00:00Z,6.32,5.7
2004-06-24T00:00:00Z,6.25,5.64
2004-07-01T00:00:00Z,6.21,5.62
2004-07-08T00:00:00Z,6.01,5.42
2004-07-15T00:00:00Z,6,5.4
2004-07-22T00:00:00Z,5.98,5.39
2004-07-29T00:00:00Z,6.08,5.49
2004-08-05T00:00:00Z,5.99,5.4
2004-08-12T00:00:00Z,5.85,5.24
2004-08-19T00:00:00Z,5.81,5.19
2004-08-26T00:00:00Z,5.82,5.21
2004-09-02T00:00:00Z,5.77,5.15
2004-09-09T00:00:00Z,5.83,5.22
2004-09-16T00:00:00Z,5.75,5.13
2004-09-23T00:00:00Z,5.7,5.1
2004-09-30T00:00:00Z,5.72,5.12
2004-10-07T00:00:00Z,5.82,5.24
2004-10-14T00:00:00Z,5.74,5.14
2004-10-21T00:00:00Z,5.69,5.07
2004-10-28T00:00:00Z,5.64,5.01
2004-11-04T00:00:00Z,5.7,5.08
2004-11-11T00:00:00Z,5.76,5.16
2004-11-18T00:00:00Z,5.74,5.15
2004-11-24T00:00:00Z,5.72,5.15
2004-12-02T00:00:00Z,5.81,5.23
2004-12-09T00:00:00Z,5.71,5.14
2004-12-16T00:00:00Z,5.68,5.11
2004-12-22T00:00:00Z,5.75,5.18
2004-12-29T00:00:00Z,5.81,5.23
2005-01-06T00:00:00Z,5.77,5.21
2005-01-13T00:00:00Z,5.74,5.19
2005-01-20T00:00:00Z,5.67,5.15
2005-01-27T00:00:00Z,5.66,5.14
2005-02-03T00:00:00Z,5.63,5.14
2005-02-10T00:00:00Z,5.57,5.1
2005-02-17T00:00:00Z,5.62,5.14
2005-02-24T00:00:00Z,5.69,5.22
2005-03-03T00:00:00Z,5.79,5.33
2005-03-10T00:00:00Z,5.85,5.38
2005-03-17T00:00:00Z,5.95,5.47
2005-03-24T00:00:00Z,6.01,5.56
2005-03-31T00:00:00Z,6.04,5.58
2005-04-07T00:00:00Z,5.93,5.48
2005-04-14T00:00:00Z,5.91,5.46
2005-04-21T00:00:00Z,5.8,5.36
2005-04-28T00:00:00Z,5.78,5.33
2005-05-05T00:00:00Z,5.75,5.31
2005-05-12T00:00:00Z,5.77,5.33
2005-05-19T00:00:00Z,5.71,5.27
2005-05-26T00:00:00Z,5.65,5.21
2005-06-02T00:00:00Z,5.62,5.2
2005-06-09T00:00:00Z,5.56,5.14
2005-06-16T00:00:00Z,5.63,5.22
2005-06-23T00:00:00Z,5.57,5.16
2005-06-30T00:00:00Z,5.53,5.12
2005-07-07T00:00:00Z,5.62,5.2
2005-07-14T00:00:00Z,5.66,5.25
2005-07-21T00:00:00Z,5.73,5.32
2005-07-28T00:00:00Z,5.77,5.34
2005-08-04T00:00:00Z,5.82,5.38
2005-08-11T00:00:00Z,5.89,5.47
2005-08-18T00:00:00Z,5.8,5.4
2005-08-25T00:00:00Z,5.77,5.35
2005-09-01T00:00:00Z,5.71,5.32
2005-09-08T00:00:00Z,5.71,5.3
2005-09-15T00:00:00Z,5.74,5.32
2005-09-22T00:00:00Z,5.8,5.37
2005-09-29T00:00:00Z,5.91,5.48
2005-10-06T00:00:00Z,5.98,5.54
2005-10-13T00:00:00Z,6.03,5.62
2005-10-20T00:00:00Z,6.1,5.65
2005-10-27T00:00:00Z,6.15,5.69
2005-11-03T00:00:00Z,6.31,5.85
2005-11-10T00:00:00Z,6.36,5.89
2005-11-17T00:00:00Z,6.37,5.9
2005-11-23T00:00:00Z,6.28,5.81
2005-12-01T00:00:00Z,6.26,5.81
2005-12-08T00:00:00Z,6.32,5.87
2005-12-15T00:00:00Z,6.3,5.85
2005-12-22T00:00:00Z,6.26,5.79
2005-12-29T00:00:00Z,6.22,5.76
2006-01-05T00:00:00Z,6.21,5.76
2006-01-12T00:00:00Z,6.15,5.71
2006-01-19T00:00:00Z,6.1,5.67
2006-01-26T00:00:00Z,6.12,5.7
2006-02-02T00:00:00Z,6.23,5.81
2006-02-09T00:00:00Z,6.24,5.83
2006-02-16T00:00:00Z,6.28,5.91
2006-02-23T00:00:00Z,6.26,5.89
2006-03-02T00:00:00Z,6.24,5.89
2006-03-09T00:00:00Z,6.37,6
2006-03-16T00:00:00Z,6.34,5.98
2006-03-23T00:00:00Z,6.32,5.97
2006-03-30T00:00:00Z,6.35,6
2006-04-06T00:00:00Z,6.43,6.1
2006-04-13T00:00:00Z,6.49,6.14
2006-04-20T00:00:00Z,6.53,6.17
2006-04-27T00:00:00Z,6.58,6.21
2006-05-04T00:00:00Z,6.59,6.22
2006-05-11T00:00:00Z,6.58,6.17
2006-05-18T00:00:00Z,6.6,6.2
2006-05-25T00:00:00Z,6.62,6.23
2006-06-01T00:00:00Z,6.67,6.26
2006-06-08T00:00:00Z,6.62,6.23
2006-06-15T00:00:00Z,6.63,6.25
2006-06-22T00:00:00Z,6.71,6.36
2006-06-29T00:00:00Z,6.78,6.43
2006-07-06T00:00:00Z,6.79,6.44
2006-07-13T00:00:00Z,6.74,6.37
2006-07-20T00:00:00Z,6.8,6.41
2006-07-27T00:00:00Z,6.72,6.34
2006-08-03T00:00:00Z,6.63,6.27
2006-08-10T00:00:00Z,6.55,6.2
2006-08-17T00:00:00Z,6.52,6.2
2006-08-24T00:00:00Z,6.48,6.18
2006-08-31T00:00:00Z,6.44,6.14
2006-09-07T00:00:00Z,6.47,6.16
2006-09-14T00:00:00Z,6.43,6.11
2006-09-21T00:00:00Z,6.4,6.06
2006-09-28T00:00:00Z,6.31,5.98
2006-10-05T00:00:00Z,6.3,5.98
2006-10-12T00:00:00Z,6.37,6.06
2006-10-19T00:00:00Z,6.36,6.06
2006-10-26T00:00:00Z,6.4,6.1
2006-11-02T00:00:00Z,6.31,6.02
2006-11-09T00:00:00Z,6.33,6.04
2006-11-16T00:00:00Z,6.24,5.94
2006-11-22T00:00:00Z,6.18,5.91
2006-11-30T00:00:00Z,6.14,5.87
2006-12-07T00:00:00Z,6.11,5.84
2006-12-14T00:00:00Z,6.12,5.86
2006-12-21T00:00:00Z,6.13,5.89
2006-12-28T00:00:00Z,6.18,5.93
2007-01-04T00:00:00Z,6.18,5.94
2007-01-11T00:00:00Z,6.21,5.96
2007-01-18T00:00:00Z,6.23,5.98
2007-01-25T00:00:00Z,6.25,5.98
2007-02-01T00:00:00Z,6.34,6.06
2007-02-08T00:00:00Z,6.28,6.02
2007-02-15T00:00:00Z,6.3,6.03
2007-02-22T00:00:00Z,6.22,5.97
2007-03-01T00:00:00Z,6.18,5.92
2007-03-08T00:00:00Z,6.14,5.86
2007-03-15T00:00:00Z,6.14,5.88
2007-03-22T00:00:00Z,6.16,5.9
2007-03-29T00:00:00Z,6.16,5.86
2007-04-05T00:00:00Z,6.17,5.87
2007-04-12T00:00:00Z,6.22,5.9
2007-04-19T00:00:00Z,6.17,5.89
2007-04-26T00:00:00Z,6.16,5.87
2007-05-03T00:00:00Z,6.16,5.87
2007-05-10T00:00:00Z,6.15,5.87
2007-05-17T00:00:00Z,6.21,5.92
2007-05-24T00:00:00Z,6.37,6.06
2007-05-31T00:00:00Z,6.42,6.12
2007-06-07T00:00:00Z,6.53,6.22
2007-06-14T00:00:00Z,6.74,6.43
2007-06-21T00:00:00Z,6.69,6.37
2007-06-28T00:00:00Z,6.67,6.34
2007-07-05T00:00:00Z,6.63,6.3
2007-07-12T00:00:00Z,6.73,6.39
2007-07-19T00:00:00Z,6.73,6.38
2007-07-26T00:00:00Z,6.69,6.37
2007-08-02T00:00:00Z,6.68,6.32
2007-08-09T00:00:00Z,6.59,6.25
2007-08-16T00:00:00Z,6.62,6.3
2007-08-23T00:00:00Z,6.52,6.18
2007-08-30T00:00:00Z,6.45,6.12
2007-09-06T00:00:00Z,6.46,6.15
2007-09-13T00:00:00Z,6.31,5.97
2007-09-20T00:00:00Z,6.34,5.98
2007-09-27T00:00:00Z,6.42,6.09
2007-10-04T00:00:00Z,6.37,6.03
2007-10-11T00:00:00Z,6.4,6.06
2007-10-18T00:00:00Z,6.4,6.08
2007-10-25T00:00:00Z,6.33,5.99
2007-11-01T00:00:00Z,6.26,5.91
2007-11-08T00:00:00Z,6.24,5.9
2007-11-15T00:00:00Z,6.24,5.88
2007-11-21T00:00:00Z,6.2,5.83
2007-11-29T00:00:00Z,6.1,5.73
2007-12-06T00:00:00Z,5.96,5.65
2007-12-13T00:00:00Z,6.11,5.78
2007-12-20T00:00:00Z,6.14,5.79
2007-12-27T00:00:00Z,6.17,5.79
2008-01-03T00:00:00Z,6.07,5.68
2008-01-10T00:00:00Z,5.87,5.43
2008-01-17T00:00:00Z,5.69,5.21
2008-01-24T00:00:00Z,5.48,4.95
2008-01-31T00:00:00Z,5.68,5.17
2008-02-07T00:00:00Z,5.67,5.15
2008-02-14T00:00:00Z,5.72,5.25
2008-02-21T00:00:00Z,6.04,5.64
2008-02-28T00:00:00Z,6.24,5.72
2008-03-06T00:00:00Z,6.03,5.47
2008-03-13T00:00:00Z,6.13,5.6
2008-03-20T00:00:00Z,5.87,5.27
2008-03-27T00:00:00Z,5.85,5.34
2008-04-03T00:00:00Z,5.88,5.42
2008-04-10T00:00:00Z,5.88,5.42
2008-04-17T00:00:00Z,5.88,5.4
2008-04-24T00:00:00Z,6.03,5.62
2008-05-01T00:00:00Z,6.06,5.59
2008-05-08T00:00:00Z,6.05,5.6
2008-05-15T00:00:00Z,6.01,5.6
2008-05-22T00:00:00Z,5.98,5.55
2008-05-29T00:00:00Z,6.08,5.66
2008-06-05T00:00:00Z,6.09,5.65
2008-06-12T00:00:00Z,6.32,5.93
2008-06-19T00:00:00Z,6.42,6.02
2008-06-26T00:00:00Z,6.45,6.04
2008-07-03T00:00:00Z,6.35,5.92
2008-07-10T00:00:00Z,6.37,5.91
2008-07-17T00:00:00Z,6.26,5.78
2008-07-24T00:00:00Z,6.63,6.18
2008-07-31T00:00:00Z,6.52,6.07
2008-08-07T00:00:00Z,6.52,6.1
2008-08-14T00:00:00Z,6.52,6.07
2008-08-21T00:00:00Z,6.47,6
2008-08-28T00:00:00Z,6.4,5.93
2008-09-04T00:00:00Z,6.35,5.9
2008-09-11T00:00:00Z,5.93,5.54
2008-09-18T00:00:00Z,5.78,5.35
2008-09-25T00:00:00Z,6.09,5.77
2008-10-02T00:00:00Z,6.1,5.78
2008-10-09T00:00:00Z,5.94,5.63
2008-10-16T00:00:00Z,6.46,6.14
2008-10-23T00:00:00Z,6.04,5.72
2008-10-30T00:00:00Z,6.46,6.19
2008-11-06T00:00:00Z,6.2,5.88
2008-11-13T00:00:00Z,6.14,5.81
2008-11-20T00:00:00Z,6.04,5.73
2008-11-26T00:00:00Z,5.97,5.74
2008-12-04T00:00:00Z,5.53,5.33
2008-12-11T00:00:00Z,5.47,5.2
2008-12-18T00:00:00Z,5.19,4.92
2008-12-24T00:00:00Z,5.14,4.91
2008-12-31T00:00:00Z,5.1,4.83
2009-01-08T00:00:00Z,5.01,4.62
2009-01-15T00:00:00Z,4.96,4.65
2009-01-22T00:00:00Z,5.12,4.8
2009-01-29T00:00:00Z,5.1,4.8
2009-02-05T00:00:00Z,5.25,4.92
2009-02-12T00:00:00Z,5.16,4.81
2009-02-19T00:00:00Z,5.04,4.68
2009-02-26T00:00:00Z,5.07,4.68
2009-03-05T00:00:00Z,5.15,4.72
2009-03-12T00:00:00Z,5.03,4.64
2009-03-19T00:00:00Z,4.98,4.61
2009-03-26T00:00:00Z,4.85,4.58
2009-04-02T00:00:00Z,4.78,4.52
2009-04-09T00:00:00Z,4.87,4.54
2009-04-16T00:00:00Z,4.82,4.48
2009-04-23T00:00:00Z,4.8,4.48
2009-04-30T00:00:00Z,4.78,4.48
2009-05-07T00:00:00Z,4.84,4.51
2009-05-14T00:00:00Z,4.86,4.52
2009-05-21T00:00:00Z,4.82,4.5
2009-05-28T00:00:00Z,4.91,4.53
2009-06-04T00:00:00Z,5.29,4.79
2009-06-11T00:00:00Z,5.59,5.06
2009-06-18T00:00:00Z,5.38,4.89
2009-06-25T00:00:00Z,5.42,4.87
2009-07-02T00:00:00Z,5.32,4.77
2009-07-09T00:00:00Z,5.2,4.69
2009-07-16T00:00:00Z,5.14,4.63
2009-07-23T00:00:00Z,5.2,4.68
2009-07-30T00:00:00Z,5.25,4.69
2009-08-06T00:00:00Z,5.22,4.63
2009-08-13T00:00:00Z,5.29,4.68
2009-08-20T00:00:00Z,5.12,4.56
2009-08-27T00:00:00Z,5.14,4.58
2009-09-03T00:00:00Z,5.08,4.54
2009-09-10T00:00:00Z,5.07,4.5
2009-09-17T00:00:00Z,5.04,4.47
2009-09-24T00:00:00Z,5.04,4.46
2009-10-01T00:00:00Z,4.94,4.36
2009-10-08T00:00:00Z,4.87,4.33
2009-10-15T00:00:00Z,4.92,4.37
2009-10-22T00:00:00Z,5,4.43
2009-10-29T00:00:00Z,5.03,4.46
2009-11-05T00:00:00Z,4.98,4.4
2009-11-12T00:00:00Z,4.91,4.36
2009-11-19T00:00:00Z,4.83,4.32
2009-11-25T00:00:00Z,4.78,4.29
2009-12-03T00:00:00Z,4.71,4.27
2009-12-10T00:00:00Z,4.81,4.32
2009-12-17T00:00:00Z,4.94,4.38
2009-12-24T00:00:00Z,5.05,4.45
2009-12-31T00:00:00Z,5.14,4.54
2010-01-07T00:00:00Z,5.09,4.5
2010-01-14T00:00:00Z,5.06,4.45
2010-01-21T00:00:00Z,4.99,4.4
2010-01-28T00:00:00Z,4.98,4.39
2010-02-04T00:00:00Z,5.01,4.4
2010-02-11T00:00:00Z,4.97,4.34
2010-02-18T00:00:00Z,4.93,4.33
2010-02-25T00:00:00Z,5.05,4.4
2010-03-04T00:00:00Z,4.97,4.33
2010-03-11T00:00:00Z,4.95,4.32
2010-03-18T00:00:00Z,4.96,4.33
2010-03-25T00:00:00Z,4.99,4.34
2010-04-01T00:00:00Z,5.08,4.39
2010-04-08T00:00:00Z,5.21,4.52
2010-04-15T00:00:00Z,5.07,4.4
2010-04-22T00:00:00Z,5.07,4.39
2010-04-29T00:00:00Z,5.06,4.39
2010-05-06T00:00:00Z,5,4.36
2010-05-13T00:00:00Z,4.93,4.3
2010-05-20T00:00:00Z,4.84,4.24
2010-05-27T00:00:00Z,4.78,4.21
2010-06-03T00:00:00Z,4.79,4.2
2010-06-10T00:00:00Z,4.72,4.17
2010-06-17T00:00:00Z,4.75,4.2
2010-06-24T00:00:00Z,4.69,4.13
2010-07-01T00:00:00Z,4.58,4.04
2010-07-08T00:00:00Z,4.57,4.07
2010-07-15T00:00:00Z,4.57,4.06
2010-07-22T00:00:00Z,4.56,4.03
2010-07-29T00:00:00Z,4.54,4
2010-08-05T00:00:00Z,4.49,3.95
2010-08-12T00:00:00Z,4.44,3.92
2010-08-19T00:00:00Z,4.42,3.9
2010-08-26T00:00:00Z,4.36,3.86
2010-09-02T00:00:00Z,4.32,3.83
2010-09-09T00:00:00Z,4.35,3.83
2010-09-16T00:00:00Z,4.37,3.82
2010-09-23T00:00:00Z,4.37,3.82
2010-09-30T00:00:00Z,4.32,3.75
2010-10-07T00:00:00Z,4.27,3.72
2010-10-14T00:00:00Z,4.19,3.62
2010-10-21T00:00:00Z,4.21,3.64
2010-10-28T00:00:00Z,4.23,3.66
2010-11-04T00:00:00Z,4.24,3.63
2010-11-11T00:00:00Z,4.17,3.57
2010-11-18T00:00:00Z,4.39,3.76
2010-11-24T00:00:00Z,4.4,3.77
2010-12-02T00:00:00Z,4.46,3.81
2010-12-09T00:00:00Z,4.61,3.96
2010-12-16T00:00:00Z,4.83,4.17
2010-12-23T00:00:00Z,4.81,4.15
2010-12-30T00:00:00Z,4.86,4.2
2011-01-06T00:00:00Z,4.77,4.13
2011-01-13T00:00:00Z,4.71,4.08
2011-01-20T00:00:00Z,4.74,4.05
2011-01-27T00:00:00Z,4.8,4.09
2011-02-03T00:00:00Z,4.81,4.08
2011-02-10T00:00:00Z,5.05,4.29
2011-02-17T00:00:00Z,5,4.27
2011-02-24T00:00:00Z,4.95,4.22
2011-03-03T00:00:00Z,4.87,4.15
2011-03-10T00:00:00Z,4.88,4.15
2011-03-17T00:00:00Z,4.76,3.97
2011-03-24T00:00:00Z,4.81,4.04
2011-03-31T00:00:00Z,4.86,4.09
2011-04-07T00:00:00Z,4.87,4.1
2011-04-14T00:00:00Z,4.91,4.13
2011-04-21T00:00:00Z,4.8,4.02
2011-04-28T00:00:00Z,4.78,3.97
2011-05-05T00:00:00Z,4.71,3.89
2011-05-12T00:00:00Z,4.63,3.82
2011-05-19T00:00:00Z,4.61,3.8
2011-05-26T00:00:00Z,4.6,3.78
2011-06-02T00:00:00Z,4.55,3.74
2011-06-09T00:00:00Z,4.49,3.68
2011-06-16T00:00:00Z,4.5,3.67
2011-06-23T00:00:00Z,4.5,3.69
2011-06-30T00:00:00Z,4.51,3.69
2011-07-07T00:00:00Z,4.6,3.75
2011-07-14T00:00:00Z,4.51,3.65
2011-07-21T00:00:00Z,4.52,3.66
2011-07-28T00:00:00Z,4.55,3.66
2011-08-04T00:00:00Z,4.39,3.54
2011-08-11T00:00:00Z,4.32,3.5
2011-08-18T00:00:00Z,4.15,3.36
2011-08-25T00:00:00Z,4.22,3.44
2011-09-01T00:00:00Z,4.22,3.39
2011-09-08T00:00:00Z,4.12,3.33
2011-09-15T00:00:00Z,4.09,3.3
2011-09-22T00:00:00Z,4.09,3.29
2011-09-29T00:00:00Z,4.01,3.28
2011-10-06T00:00:00Z,3.94,3.26
2011-10-13T00:00:00Z,4.12,3.37
2011-10-20T00:00:00Z,4.11,3.38
2011-10-27T00:00:00Z,4.1,3.38
2011-11-03T00:00:00Z,4,3.31
2011-11-10T00:00:00Z,3.99,3.3
2011-11-17T00:00:00Z,4,3.31
2011-11-23T00:00:00Z,3.98,3.3
2011-12-01T00:00:00Z,4,3.3
2011-12-08T00:00:00Z,3.99,3.27
2011-12-15T00:00:00Z,3.94,3.21
2011-12-22T00:00:00Z,3.91,3.21
2011-12-29T00:00:00Z,3.95,3.24
2012-01-05T00:00:00Z,3.91,3.23
2012-01-12T00:00:00Z,3.89,3.16
2012-01-19T00:00:00Z,3.88,3.17
2012-01-26T00:00:00Z,3.98,3.24
2012-02-02T00:00:00Z,3.87,3.14
2012-02-09T00:00:00Z,3.87,3.16
2012-02-16T00:00:00Z,3.87,3.16
2012-02-23T00:00:00Z,3.95,3.19
2012-03-01T00:00:00Z,3.9,3.17
2012-03-08T00:00:00Z,3.88,3.13
2012-03-15T00:00:00Z,3.92,3.16
2012-03-22T00:00:00Z,4.08,3.3
2012-03-29T00:00:00Z,3.99,3.23
2012-04-05T00:00:00Z,3.98,3.21
2012-04-12T00:00:00Z,3.88,3.11
2012-04-19T00:00:00Z,3.9,3.13
2012-04-26T00:00:00Z,3.88,3.12
2012-05-03T00:00:00Z,3.84,3.07
2012-05-10T00:00:00Z,3.83,3.05
2012-05-17T00:00:00Z,3.79,3.04
2012-05-24T00:00:00Z,3.78,3.04
2012-05-31T00:00:00Z,3.75,2.97
2012-06-07T00:00:00Z,3.67,2.94
2012-06-14T00:00:00Z,3.71,2.98
2012-06-21T00:00:00Z,3.66,2.95
2012-06-28T00:00:00Z,3.66,2.94
2012-07-05T00:00:00Z,3.62,2.89
2012-07-12T00:00:00Z,3.56,2.86
2012-07-19T00:00:00Z,3.53,2.83
2012-07-26T00:00:00Z,3.49,2.8
2012-08-02T00:00:00Z,3.55,2.83
2012-08-09T00:00:00Z,3.59,2.84
2012-08-16T00:00:00Z,3.62,2.88
2012-08-23T00:00:00Z,3.66,2.89
2012-08-30T00:00:00Z,3.59,2.86
2012-09-06T00:00:00Z,3.55,2.86
2012-09-13T00:00:00Z,3.55,2.85
2012-09-20T00:00:00Z,3.49,2.77
2012-09-27T00:00:00Z,3.4,2.73
2012-10-04T00:00:00Z,3.36,2.69
2012-10-11T00:00:00Z,3.39,2.7
2012-10-18T00:00:00Z,3.37,2.66
2012-10-25T00:00:00Z,3.41,2.72
2012-11-01T00:00:00Z,3.39,2.7
2012-11-08T00:00:00Z,3.4,2.69
2012-11-15T00:00:00Z,3.34,2.65
2012-11-21T00:00:00Z,3.31,2.63
2012-11-29T00:00:00Z,3.32,2.64
2012-12-06T00:00:00Z,3.34,2.67
2012-12-13T00:00:00Z,3.32,2.66
2012-12-20T00:00:00Z,3.37,2.65
2012-12-27T00:00:00Z,3.35,2.65
2013-01-03T00:00:00Z,3.34,2.64
2013-01-10T00:00:00Z,3.4,2.66
2013-01-17T00:00:00Z,3.38,2.66
2013-01-24T00:00:00Z,3.42,2.71
2013-01-31T00:00:00Z,3.53,2.81
2013-02-07T00:00:00Z,3.53,2.77
2013-02-14T00:00:00Z,3.53,2.77
2013-02-21T00:00:00Z,3.56,2.77
2013-02-28T00:00:00Z,3.51,2.76
2013-03-07T00:00:00Z,3.52,2.76
2013-03-14T00:00:00Z,3.63,2.79
2013-03-21T00:00:00Z,3.54,2.72
2013-03-28T00:00:00Z,3.57,2.76
2013-04-04T00:00:00Z,3.54,2.74
2013-04-11T00:00:00Z,3.43,2.65
2013-04-18T00:00:00Z,3.41,2.64
2013-04-25T00:00:00Z,3.4,2.61
2013-05-02T00:00:00Z,3.35,2.56
2013-05-09T00:00:00Z,3.42,2.61
2013-05-16T00:00:00Z,3.51,2.69
2013-05-23T00:00:00Z,3.59,2.77
2013-05-30T00:00:00Z,3.81,2.98
2013-06-06T00:00:00Z,3.91,3.03
2013-06-13T00:00:00Z,3.98,3.1
2013-06-20T00:00:00Z,3.93,3.04
2013-06-27T00:00:00Z,4.46,3.5
2013-07-03T00:00:00Z,4.29,3.39
2013-07-11T00:00:00Z,4.51,3.53
2013-07-18T00:00:00Z,4.37,3.41
2013-07-25T00:00:00Z,4.31,3.39
2013-08-01T00:00:00Z,4.39,3.43
2013-08-08T00:00:00Z,4.4,3.43
2013-08-15T00:00:00Z,4.4,3.44
2013-08-22T00:00:00Z,4.58,3.6
2013-08-29T00:00:00Z,4.51,3.54
2013-09-05T00:00:00Z,4.57,3.59
2013-09-12T00:00:00Z,4.57,3.59
2013-09-19T00:00:00Z,4.5,3.54
2013-09-26T00:00:00Z,4.32,3.37
2013-10-03T00:00:00Z,4.22,3.29
2013-10-10T00:00:00Z,4.23,3.31
2013-10-17T00:00:00Z,4.28,3.33
2013-10-24T00:00:00Z,4.13,3.24
2013-10-31T00:00:00Z,4.1,3.2
2013-11-07T00:00:00Z,4.16,3.27
2013-11-14T00:00:00Z,4.35,3.35
2013-11-21T00:00:00Z,4.22,3.27
2013-11-27T00:00:00Z,4.29,3.3
2013-12-05T00:00:00Z,4.46,3.47
2013-12-12T00:00:00Z,4.42,3.43
2013-12-19T00:00:00Z,4.47,3.51
2013-12-26T00:00:00Z,4.48,3.52
2014-01-02T00:00:00Z,4.53,3.55
2014-01-09T00:00:00Z,4.51,3.56
2014-01-16T00:00:00Z,4.41,3.45
2014-01-23T00:00:00Z,4.39,3.44
2014-01-30T00:00:00Z,4.32,3.4
2014-02-06T00:00:00Z,4.23,3.33
2014-02-13T00:00:00Z,4.28,3.33
2014-02-20T00:00:00Z,4.33,3.35
2014-02-27T00:00:00Z,4.37,3.39
2014-03-06T00:00:00Z,4.28,3.32
2014-03-13T00:00:00Z,4.37,3.38
2014-03-20T00:00:00Z,4.32,3.32
2014-03-27T00:00:00Z,4.4,3.42
2014-04-03T00:00:00Z,4.41,3.47
2014-04-10T00:00:00Z,4.34,3.38
2014-04-17T00:00:00Z,4.27,3.33
2014-04-24T00:00:00Z,4.33,3.39
2014-05-01T00:00:00Z,4.29,3.38
2014-05-08T00:00:00Z,4.21,3.32
2014-05-15T00:00:00Z,4.2,3.29
2014-05-22T00:00:00Z,4.14,3.25
2014-05-29T00:00:00Z,4.12,3.21
2014-06-05T00:00:00Z,4.14,3.23
2014-06-12T00:00:00Z,4.2,3.31
2014-06-19T00:00:00Z,4.17,3.3
2014-06-26T00:00:00Z,4.14,3.22
2014-07-03T00:00:00Z,4.12,3.22
2014-07-10T00:00:00Z,4.15,3.24
2014-07-17T00:00:00Z,4.13,3.23
2014-07-24T00:00:00Z,4.13,3.26
2014-07-31T00:00:00Z,4.12,3.23
2014-08-07T00:00:00Z,4.14,3.27
2014-08-14T00:00:00Z,4.12,3.24
2014-08-21T00:00:00Z,4.1,3.23
2014-08-28T00:00:00Z,4.1,3.25
2014-09-04T00:00:00Z,4.1,3.24
2014-09-11T00:00:00Z,4.12,3.26
2014-09-18T00:00:00Z,4.23,3.37
2014-09-25T00:00:00Z,4.2,3.36
2014-10-02T00:00:00Z,4.19,3.36
2014-10-09T00:00:00Z,4.12,3.3
2014-10-16T00:00:00Z,3.97,3.18
2014-10-23T00:00:00Z,3.92,3.08
2014-10-30T00:00:00Z,3.98,3.13
2014-11-06T00:00:00Z,4.02,3.21
2014-11-13T00:00:00Z,4.01,3.2
2014-11-20T00:00:00Z,3.99,3.17
2014-11-26T00:00:00Z,3.97,3.17
2014-12-04T00:00:00Z,3.89,3.1
2014-12-11T00:00:00Z,3.93,3.2
2014-12-18T00:00:00Z,3.8,3.09
2014-12-24T00:00:00Z,3.83,3.1
2014-12-31T00:00:00Z,3.87,3.15
2015-01-08T00:00:00Z,3.73,3.05
2015-01-15T00:00:00Z,3.66,2.98
2015-01-22T00:00:00Z,3.63,2.93
2015-01-29T00:00:00Z,3.66,2.98
2015-02-05T00:00:00Z,3.59,2.92
2015-02-12T00:00:00Z,3.69,2.99
2015-02-19T00:00:00Z,3.76,3.05
2015-02-26T00:00:00Z,3.8,3.07
2015-03-05T00:00:00Z,3.75,3.03
2015-03-12T00:00:00Z,3.86,3.1
2015-03-19T00:00:00Z,3.78,3.06
2015-03-26T00:00:00Z,3.69,2.97
2015-04-02T00:00:00Z,3.7,2.98
2015-04-09T00:00:00Z,3.66,2.93
2015-04-16T00:00:00Z,3.67,2.94
2015-04-23T00:00:00Z,3.65,2.92
2015-04-30T00:00:00Z,3.68,2.94
2015-05-07T00:00:00Z,3.8,3.02
2015-05-14T00:00:00Z,3.85,3.07
2015-05-21T00:00:00Z,3.84,3.05
2015-05-28T00:00:00Z,3.87,3.11
2015-06-04T00:00:00Z,3.87,3.08
2015-06-11T00:00:00Z,4.04,3.25
2015-06-18T00:00:00Z,4,3.23
2015-06-25T00:00:00Z,4.02,3.21
2015-07-02T00:00:00Z,4.08,3.24
2015-07-09T00:00:00Z,4.04,3.2
2015-07-16T00:00:00Z,4.09,3.25
2015-07-23T00:00:00Z,4.04,3.21
2015-07-30T00:00:00Z,3.98,3.17
2015-08-06T00:00:00Z,3.91,3.13
2015-08-13T00:00:00Z,3.94,3.17
2015-08-20T00:00:00Z,3.93,3.15
2015-08-27T00:00:00Z,3.84,3.06
2015-09-03T00:00:00Z,3.89,3.09
2015-09-10T00:00:00Z,3.9,3.1
2015-09-17T00:00:00Z,3.91,3.11
2015-09-24T00:00:00Z,3.86,3.08
2015-10-01T00:00:00Z,3.85,3.07
2015-10-08T00:00:00Z,3.76,2.99
2015-10-15T00:00:00Z,3.82,3.03
2015-10-22T00:00:00Z,3.79,2.98
2015-10-29T00:00:00Z,3.76,2.98
2015-11-05T00:00:00Z,3.87,3.09
2015-11-12T00:00:00Z,3.98,3.2
2015-11-19T00:00:00Z,3.97,3.18
2015-11-25T00:00:00Z,3.95,3.18
2015-12-03T00:00:00Z,3.93,3.16
2015-12-10T00:00:00Z,3.95,3.19
2015-12-17T00:00:00Z,3.97,3.22
2015-12-24T00:00:00Z,3.96,3.22
2015-12-31T00:00:00Z,4.01,3.24
2016-01-07T00:00:00Z,3.97,3.26
2016-01-14T00:00:00Z,3.92,3.19
2016-01-21T00:00:00Z,3.81,3.1
2016-01-28T00:00:00Z,3.79,3.07
2016-02-04T00:00:00Z,3.72,3.01
2016-02-11T00:00:00Z,3.65,2.95
2016-02-18T00:00:00Z,3.65,2.95
2016-02-25T00:00:00Z,3.62,2.93
2016-03-03T00:00:00Z,3.64,2.94
2016-03-10T00:00:00Z,3.68,2.96
2016-03-17T00:00:00Z,3.73,2.99
2016-03-24T00:00:00Z,3.71,2.96
2016-03-31T00:00:00Z,3.71,2.98
2016-04-07T00:00:00Z,3.59,2.88
2016-04-14T00:00:00Z,3.58,2.86
2016-04-21T00:00:00Z,3.59,2.85
2016-04-28T00:00:00Z,3.66,2.89
2016-05-05T00:00:00Z,3.61,2.86
2016-05-12T00:00:00Z,3.57,2.81
2016-05-19T00:00:00Z,3.58,2.81
2016-05-26T00:00:00Z,3.64,2.89
2016-06-02T00:00:00Z,3.66,2.92
2016-06-09T00:00:00Z,3.6,2.87
2016-06-16T00:00:00Z,3.54,2.81
2016-06-23T00:00:00Z,3.56,2.83
2016-06-30T00:00:00Z,3.48,2.78
2016-07-07T00:00:00Z,3.41,2.74
2016-07-14T00:00:00Z,3.42,2.72
2016-07-21T00:00:00Z,3.45,2.75
2016-07-28T00:00:00Z,3.48,2.78
2016-08-04T00:00:00Z,3.43,2.74
2016-08-11T00:00:00Z,3.45,2.76
2016-08-18T00:00:00Z,3.43,2.74
2016-08-25T00:00:00Z,3.43,2.74
2016-09-01T00:00:00Z,3.46,2.77
2016-09-08T00:00:00Z,3.44,2.76
2016-09-15T00:00:00Z,3.5,2.77
2016-09-22T00:00:00Z,3.48,2.76
2016-09-29T00:00:00Z,3.42,2.72
2016-10-06T00:00:00Z,3.42,2.72
2016-10-13T00:00:00Z,3.47,2.76
2016-10-20T00:00:00Z,3.52,2.79
2016-10-27T00:00:00Z,3.47,2.78
2016-11-03T00:00:00Z,3.54,2.84
2016-11-10T00:00:00Z,3.57,2.88
2016-11-17T00:00:00Z,3.94,3.14
2016-11-23T00:00:00Z,4.03,3.25
2016-12-01T00:00:00Z,4.08,3.34
2016-12-08T00:00:00Z,4.13,3.36
2016-12-15T00:00:00Z,4.16,3.37
2016-12-22T00:00:00Z,4.3,3.52
2016-12-29T00:00:00Z,4.32,3.55
2017-01-05T00:00:00Z,4.2,3.44
2017-01-12T00:00:00Z,4.12,3.37
2017-01-19T00:00:00Z,4.09,3.34
2017-01-26T00:00:00Z,4.19,3.4
2017-02-02T00:00:00Z,4.19,3.41
2017-02-09T00:00:00Z,4.17,3.39
2017-02-16T00:00:00Z,4.15,3.35
2017-02-23T00:00:00Z,4.16,3.37
2017-03-02T00:00:00Z,4.1,3.32
2017-03-09T00:00:00Z,4.21,3.42
2017-03-16T00:00:00Z,4.3,3.5
2017-03-23T00:00:00Z,4.23,3.44
2017-03-30T00:00:00Z,4.14,3.39
2017-04-06T00:00:00Z,4.1,3.36
2017-04-13T00:00:00Z,4.08,3.34
2017-04-20T00:00:00Z,3.97,3.23
2017-04-27T00:00:00Z,4.03,3.27
2017-05-04T00:00:00Z,4.02,3.27
2017-05-11T00:00:00Z,4.05,3.29
2017-05-18T00:00:00Z,4.02,3.27
2017-05-25T00:00:00Z,3.95,3.19
2017-06-01T00:00:00Z,3.94,3.19
2017-06-08T00:00:00Z,3.89,3.16
2017-06-15T00:00:00Z,3.91,3.18
2017-06-22T00:00:00Z,3.9,3.17
2017-06-29T00:00:00Z,3.88,3.17
2017-07-06T00:00:00Z,3.96,3.22
2017-07-13T00:00:00Z,4.03,3.29
2017-07-20T00:00:00Z,3.96,3.23
2017-07-27T00:00:00Z,3.92,3.2
2017-08-03T00:00:00Z,3.93,3.18
2017-08-10T00:00:00Z,3.9,3.18
2017-08-17T00:00:00Z,3.89,3.16
2017-08-24T00:00:00Z,3.86,3.16
2017-08-31T00:00:00Z,3.82,3.12
2017-09-07T00:00:00Z,3.78,3.08
2017-09-14T00:00:00Z,3.78,3.08
2017-09-21T00:00:00Z,3.83,3.13
2017-09-28T00:00:00Z,3.83,3.13
2017-10-05T00:00:00Z,3.85,3.15
2017-10-12T00:00:00Z,3.91,3.21
2017-10-19T00:00:00Z,3.88,3.19
2017-10-26T00:00:00Z,3.94,3.25
2017-11-02T00:00:00Z,3.94,3.27
2017-11-09T00:00:00Z,3.9,3.24
2017-11-16T00:00:00Z,3.95,3.31
2017-11-22T00:00:00Z,3.92,3.32
2017-11-30T00:00:00Z,3.9,3.3
2017-12-07T00:00:00Z,3.94,3.36
2017-12-14T00:00:00Z,3.93,3.36
2017-12-21T00:00:00Z,3.94,3.38
2017-12-28T00:00:00Z,3.99,3.44
2018-01-04T00:00:00Z,3.95,3.38
2018-01-11T00:00:00Z,3.99,3.44
2018-01-18T00:00:00Z,4.04,3.49
2018-01-25T00:00:00Z,4.15,3.62
2018-02-01T00:00:00Z,4.22,3.68
2018-02-08T00:00:00Z,4.32,3.77
2018-02-15T00:00:00Z,4.38,3.84
2018-02-22T00:00:00Z,4.4,3.85
2018-03-01T00:00:00Z,4.43,3.9
2018-03-08T00:00:00Z,4.46,3.94
2018-03-15T00:00:00Z,4.44,3.9
2018-03-22T00:00:00Z,4.45,3.91
2018-03-29T00:00:00Z,4.44,3.9
2018-04-05T00:00:00Z,4.4,3.87
2018-04-12T00:00:00Z,4.42,3.87
2018-04-19T00:00:00Z,4.47,3.94
2018-04-26T00:00:00Z,4.58,4.02
2018-05-03T00:00:00Z,4.55,4.03
2018-05-10T00:00:00Z,4.55,4.01
2018-05-17T00:00:00Z,4.61,4.08
2018-05-24T00:00:00Z,4.66,4.15
2018-05-31T00:00:00Z,4.56,4.06
2018-06-07T00:00:00Z,4.54,4.01
2018-06-14T00:00:00Z,4.62,4.07
2018-06-21T00:00:00Z,4.57,4.04
2018-06-28T00:00:00Z,4.55,4.04
2018-07-05T00:00:00Z,4.52,3.99
2018-07-12T00:00:00Z,4.53,4.02
2018-07-19T00:00:00Z,4.52,4
2018-07-26T00:00:00Z,4.54,4.02
2018-08-02T00:00:00Z,4.6,4.08
2018-08-09T00:00:00Z,4.59,4.05
2018-08-16T00:00:00Z,4.53,4.01
2018-08-23T00:00:00Z,4.51,3.98
2018-08-30T00:00:00Z,4.52,3.97
2018-09-06T00:00:00Z,4.54,3.99
2018-09-13T00:00:00Z,4.6,4.06
2018-09-20T00:00:00Z,4.65,4.11
2018-09-27T00:00:00Z,4.72,4.16
2018-10-04T00:00:00Z,4.71,4.15
2018-10-11T00:00:00Z,4.9,4.29
2018-10-18T00:00:00Z,4.85,4.26
2018-10-25T00:00:00Z,4.86,4.29
2018-11-01T00:00:00Z,4.83,4.23
2018-11-08T00:00:00Z,4.94,4.33
2018-11-15T00:00:00Z,4.94,4.36
2018-11-21T00:00:00Z,4.81,4.24
2018-11-29T00:00:00Z,4.81,4.25
2018-12-06T00:00:00Z,4.75,4.21
2018-12-13T00:00:00Z,4.63,4.07
2018-12-20T00:00:00Z,4.62,4.07
2018-12-27T00:00:00Z,4.55,4.01
2019-01-03T00:00:00Z,4.51,3.99
2019-01-10T00:00:00Z,4.45,3.89
2019-01-17T00:00:00Z,4.45,3.88
2019-01-24T00:00:00Z,4.45,3.88
2019-01-31T00:00:00Z,4.46,3.89
2019-02-07T00:00:00Z,4.41,3.84
2019-02-14T00:00:00Z,4.37,3.81
2019-02-21T00:00:00Z,4.35,3.78
2019-02-28T00:00:00Z,4.35,3.77
2019-03-07T00:00:00Z,4.41,3.83
2019-03-14T00:00:00Z,4.31,3.76
2019-03-21T00:00:00Z,4.28,3.71
2019-03-28T00:00:00Z,4.06,3.57
2019-04-04T00:00:00Z,4.08,3.56
2019-04-11T00:00:00Z,4.12,3.6
2019-04-18T00:00:00Z,4.17,3.62
2019-04-25T00:00:00Z,4.2,3.64
2019-05-02T00:00:00Z,4.14,3.6
2019-05-09T00:00:00Z,4.1,3.57
2019-05-16T00:00:00Z,4.07,3.53
2019-05-23T00:00:00Z,4.06,3.51
2019-05-30T00:00:00Z,3.99,3.46
2019-06-06T00:00:00Z,3.82,3.28
2019-06-13T00:00:00Z,3.82,3.26
2019-06-20T00:00:00Z,3.84,3.25
2019-06-27T00:00:00Z,3.73,3.16
2019-07-03T00:00:00Z,3.75,3.18
2019-07-11T00:00:00Z,3.75,3.22
2019-07-18T00:00:00Z,3.81,3.23
2019-07-25T00:00:00Z,3.75,3.18
2019-08-01T00:00:00Z,3.75,3.2
2019-08-08T00:00:00Z,3.6,3.05
2019-08-15T00:00:00Z,3.6,3.07
2019-08-22T00:00:00Z,3.55,3.03
2019-08-29T00:00:00Z,3.58,3.06
2019-09-05T00:00:00Z,3.49,3
2019-09-12T00:00:00Z,3.56,3.09
2019-09-19T00:00:00Z,3.73,3.21
2019-09-26T00:00:00Z,3.64,3.16
2019-10-03T00:00:00Z,3.65,3.14
2019-10-10T00:00:00Z,3.57,3.05
2019-10-17T00:00:00Z,3.69,3.15
2019-10-24T00:00:00Z,3.75,3.18
2019-10-31T00:00:00Z,3.78,3.19
2019-11-07T00:00:00Z,3.69,3.13
2019-11-14T00:00:00Z,3.75,3.2
2019-11-21T00:00:00Z,3.66,3.15
2019-11-27T00:00:00Z,3.68,3.15
2019-12-05T00:00:00Z,3.68,3.14
2019-12-12T00:00:00Z,3.73,3.19
2019-12-19T00:00:00Z,3.73,3.19
2019-12-26T00:00:00Z,3.74,3.19
2020-01-02T00:00:00Z,3.72,3.16
2020-01-09T00:00:00Z,3.64,3.07
2020-01-16T00:00:00Z,3.65,3.09
2020-01-23T00:00:00Z,3.6,3.04
2020-01-30T00:00:00Z,3.51,3
2020-02-06T00:00:00Z,3.45,2.97
2020-02-13T00:00:00Z,3.47,2.97
2020-02-20T00:00:00Z,3.49,2.99
2020-02-27T00:00:00Z,3.45,2.95
2020-03-05T00:00:00Z,3.29,2.79
2020-03-12T00:00:00Z,3.36,2.77
2020-03-19T00:00:00Z,3.65,3.06
2020-03-26T00:00:00Z,3.5,2.92
2020-04-02T00:00:00Z,3.33,2.82
2020-04-09T00:00:00Z,3.33,2.77
2020-04-16T00:00:00Z,3.31,2.8
2020-04-23T00:00:00Z,3.33,2.86
2020-04-30T00:00:00Z,3.23,2.77
2020-05-07T00:00:00Z,3.26,2.73
2020-05-14T00:00:00Z,3.28,2.72
2020-05-21T00:00:00Z,3.24,2.7
2020-05-28T00:00:00Z,3.15,2.62
2020-06-04T00:00:00Z,3.18,2.62
2020-06-11T00:00:00Z,3.21,2.62
2020-06-18T00:00:00Z,3.13,2.58
2020-06-25T00:00:00Z,3.13,2.59
2020-07-02T00:00:00Z,3.07,2.56
2020-07-09T00:00:00Z,3.03,2.51
2020-07-16T00:00:00Z,2.98,2.48
2020-07-23T00:00:00Z,3.01,2.54
2020-07-30T00:00:00Z,2.99,2.51
2020-08-06T00:00:00Z,2.88,2.44
2020-08-13T00:00:00Z,2.96,2.46
2020-08-20T00:00:00Z,2.99,2.54
2020-08-27T00:00:00Z,2.91,2.46
2020-09-03T00:00:00Z,2.93,2.42
2020-09-10T00:00:00Z,2.86,2.37
2020-09-17T00:00:00Z,2.87,2.35
2020-09-24T00:00:00Z,2.9,2.4
2020-10-01T00:00:00Z,2.88,2.36
2020-10-08T00:00:00Z,2.87,2.37
2020-10-15T00:00:00Z,2.81,2.35
2020-10-22T00:00:00Z,2.8,2.33
2020-10-29T00:00:00Z,2.81,2.32
2020-11-05T00:00:00Z,2.78,2.32
2020-11-12T00:00:00Z,2.84,2.34
2020-11-19T00:00:00Z,2.72,2.28
2020-11-25T00:00:00Z,2.72,2.28
2020-12-03T00:00:00Z,2.71,2.26
2020-12-10T00:00:00Z,2.71,2.26
2020-12-17T00:00:00Z,2.67,2.21
2020-12-24T00:00:00Z,2.66,2.19
2020-12-31T00:00:00Z,2.67,2.17
2021-01-07T00:00:00Z,2.65,2.16
2021-01-14T00:00:00Z,2.79,2.23
2021-01-21T00:00:00Z,2.77,2.21
2021-01-28T00:00:00Z,2.73,2.2
2021-02-04T00:00:00Z,2.73,2.21
2021-02-11T00:00:00Z,2.73,2.19
2021-02-18T00:00:00Z,2.81,2.21
2021-02-25T00:00:00Z,2.97,2.34
2021-03-04T00:00:00Z,3.02,2.34
2021-03-11T00:00:00Z,3.05,2.38
2021-03-18T00:00:00Z,3.09,2.4
2021-03-25T00:00:00Z,3.17,2.45
2021-04-01T00:00:00Z,3.18,2.45
2021-04-08T00:00:00Z,3.13,2.42
2021-04-15T00:00:00Z,3.04,2.35
2021-04-22T00:00:00Z,2.97,2.29
2021-04-29T00:00:00Z,2.98,2.31
2021-05-06T00:00:00Z,2.96,2.3
2021-05-13T00:00:00Z,2.94,2.26
2021-05-20T00:00:00Z,3,2.29
2021-05-27T00:00:00Z,2.95,2.27
2021-06-03T00:00:00Z,2.99,2.27
2021-06-10T00:00:00Z,2.96,2.23
2021-06-17T00:00:00Z,2.93,2.24
2021-06-24T00:00:00Z,3.02,2.34
2021-07-01T00:00:00Z,2.98,2.26
2021-07-08T00:00:00Z,2.9,2.2
2021-07-15T00:00:00Z,2.88,2.22
2021-07-22T00:00:00Z,2.78,2.12
2021-07-29T00:00:00Z,2.8,2.1
2021-08-05T00:00:00Z,2.77,2.1
2021-08-12T00:00:00Z,2.87,2.15
2021-08-19T00:00:00Z,2.86,2.16
2021-08-26T00:00:00Z,2.87,2.17
2021-09-02T00:00:00Z,2.87,2.18
2021-09-09T00:00:00Z,2.88,2.19
2021-09-16T00:00:00Z,2.86,2.12
2021-09-23T00:00:00Z,2.88,2.15
2021-09-30T00:00:00Z,3.01,2.28
2021-10-07T00:00:00Z,2.99,2.23
2021-10-14T00:00:00Z,3.05,2.3
2021-10-21T00:00:00Z,3.09,2.33
2021-10-28T00:00:00Z,3.14,2.37
2021-11-04T00:00:00Z,3.09,2.35
2021-11-10T00:00:00Z,2.98,2.27
2021-11-18T00:00:00Z,3.1,2.39
2021-11-24T00:00:00Z,3.1,2.42
2021-12-02T00:00:00Z,3.11,2.39
2021-12-09T00:00:00Z,3.1,2.38
2021-12-16T00:00:00Z,3.12,2.34
2021-12-23T00:00:00Z,3.05,2.3
2021-12-30T00:00:00Z,3.11,2.33
2022-01-06T00:00:00Z,3.22,2.43
2022-01-13T00:00:00Z,3.45,2.62
2022-01-20T00:00:00Z,3.56,2.79
2022-01-27T00:00:00Z,3.55,2.8
2022-02-03T00:00:00Z,3.55,2.77
2022-02-10T00:00:00Z,3.69,2.93
2022-02-17T00:00:00Z,3.92,3.15
2022-02-24T00:00:00Z,3.89,3.14
2022-03-03T00:00:00Z,3.76,3.01
2022-03-10T00:00:00Z,3.85,3.09
2022-03-17T00:00:00Z,4.16,3.39
2022-03-24T00:00:00Z,4.42,3.63
2022-03-31T00:00:00Z,4.67,3.83
2022-04-07T00:00:00Z,4.72,3.91
2022-04-14T00:00:00Z,5,4.17
2022-04-21T00:00:00Z,5.11,4.38
2022-04-28T00:00:00Z,5.1,4.4
2022-05-05T00:00:00Z,5.27,4.52
2022-05-12T00:00:00Z,5.3,4.48
2022-05-19T00:00:00Z,5.25,4.43
2022-05-26T00:00:00Z,5.1,4.31
2022-06-02T00:00:00Z,5.09,4.32
2022-06-09T00:00:00Z,5.23,4.38
2022-06-16T00:00:00Z,5.78,4.81
2022-06-23T00:00:00Z,5.81,4.92
2022-06-30T00:00:00Z,5.7,4.83
2022-07-07T00:00:00Z,5.3,4.45
2022-07-14T00:00:00Z,5.51,4.67
2022-07-21T00:00:00Z,5.54,4.75
2022-07-28T00:00:00Z,5.3,4.58
2022-08-04T00:00:00Z,4.99,4.26
2022-08-11T00:00:00Z,5.22,4.59
2022-08-18T00:00:00Z,5.13,4.55
2022-08-25T00:00:00Z,5.55,4.85
2022-09-01T00:00:00Z,5.66,4.98
2022-09-08T00:00:00Z,5.89,5.16
2022-09-15T00:00:00Z,6.02,5.21
2022-09-22T00:00:00Z,6.29,5.44
2022-09-29T00:00:00Z,6.7,5.96
2022-10-06T00:00:00Z,6.66,5.9
2022-10-13T00:00:00Z,6.92,6.09
2022-10-20T00:00:00Z,6.94,6.23
2022-10-27T00:00:00Z,7.08,6.36
2022-11-03T00:00:00Z,6.95,6.29
2022-11-10T00:00:00Z,7.08,6.38
2022-11-17T00:00:00Z,6.61,5.98
2022-11-23T00:00:00Z,6.58,5.9
2022-12-01T00:00:00Z,6.49,5.76
2022-12-08T00:00:00Z,6.33,5.67
2022-12-15T00:00:00Z,6.31,5.54
2022-12-22T00:00:00Z,6.27,5.69
2022-12-29T00:00:00Z,6.42,5.68
2023-01-05T00:00:00Z,6.48,5.73
2023-01-12T00:00:00Z,6.33,5.52
2023-01-19T00:00:00Z,6.15,5.28
2023-01-26T00:00:00Z,6.13,5.17
2023-02-02T00:00:00Z,6.09,5.14
2023-02-09T00:00:00Z,6.12,5.25
2023-02-16T00:00:00Z,6.32,5.51
2023-02-23T00:00:00Z,6.5,5.76
2023-03-02T00:00:00Z,6.65,5.89
2023-03-09T00:00:00Z,6.73,5.95
2023-03-16T00:00:00Z,6.6,5.9
2023-03-23T00:00:00Z,6.42,5.68
2023-03-30T00:00:00Z,6.32,5.56
2023-04-06T00:00:00Z,6.28,5.64
2023-04-13T00:00:00Z,6.27,5.54
2023-04-20T00:00:00Z,6.39,5.76
2023-04-27T00:00:00Z,6.43,5.71
2023-05-04T00:00:00Z,6.39,5.76
2023-05-11T00:00:00Z,6.35,5.75
2023-05-18T00:00:00Z,6.39,5.75
2023-05-25T00:00:00Z,6.57,5.97
2023-06-01T00:00:00Z,6.79,6.18
2023-06-08T00:00:00Z,6.71,6.07
2023-06-15T00:00:00Z,6.69,6.1
2023-06-22T00:00:00Z,6.67,6.03
2023-06-29T00:00:00Z,6.71,6.06
2023-07-06T00:00:00Z,6.81,6.24
2023-07-13T00:00:00Z,6.96,6.3
2023-07-20T00:00:00Z,6.78,6.06
2023-07-27T00:00:00Z,6.81,6.11
2023-08-03T00:00:00Z,6.9,6.25
2023-08-10T00:00:00Z,6.96,6.34
2023-08-17T00:00:00Z,7.09,6.46
2023-08-24T00:00:00Z,7.23,6.55
2023-08-31T00:00:00Z,7.18,6.55
2023-09-07T00:00:00Z,7.12,6.52
2023-09-14T00:00:00Z,7.18,6.51
2023-09-21T00:00:00Z,7.19,6.54
2023-09-28T00:00:00Z,7.31,6.72
2023-10-05T00:00:00Z,7.49,6.78
2023-10-12T00:00:00Z,7.57,6.89
2023-10-19T00:00:00Z,7.63,6.92
2023-10-26T00:00:00Z,7.79,7.03
2023-11-02T00:00:00Z,7.76,7.03
2023-11-09T00:00:00Z,7.5,6.81
2023-11-16T00:00:00Z,7.44,6.76
2023-11-22T00:00:00Z,7.29,6.67
NA,NA,NA
